text,label
Innocent: Hello? Suspect: I am calling from seller verification. A payout account was changed on a store profile linked to your number. Innocent: I do not run a store. Suspect: Then I can close the profile if you confirm your email and read the security code. Innocent: That code resets my password. Suspect: The reset is needed to remove the payout account.,1
"Innocent: This is Raj. Suspect: Hi Raj, it's Priya from IT support, calling about the ticket you opened, your email keeps asking you to sign in again. Innocent: Yeah, it's driving me crazy. Suspect: That's from the certificate update we pushed. Can you fully close the mail app and reopen it once? Innocent: Okay, done. It's asking me to sign in with the company page. Suspect: That's the correct page, the one with our logo and the single sign-on. Go ahead and sign in there, and I won't ever need your password, the company system handles that. Innocent: Alright, I'm back in. Suspect: Perfect, that clears the loop. Ping me on the ticket if it comes back.",0
"Innocent: Hi. Suspect: Your name was selected for a civic obligation, but the attendance record shows no response. Innocent: I never received anything. Suspect: I can prevent an escalation if you verify your address and pay the administrative bond. Innocent: I will call the courthouse. Suspect: The escalation is scheduled before the public line reopens.",1
"Innocent: Hi. Suspect: I am calling on behalf of the scheduling office. Your manager submitted an urgent access request, but your login record is missing a mobile confirmation. Innocent: Which manager? Suspect: I only see the department code, not the name. Please read the sign-in code that just appeared. Innocent: I am not signing in anywhere. Suspect: The code is required to keep your account from being locked before your next shift.",1
"Innocent: Hi, I'm calling about the golden retriever puppies in the listing. Suspect: Yes! We have two males left. They come vaccinated, papers included, eight hundred dollars. Innocent: Could I come see them this weekend? Suspect: We're about two hours from you, and honestly, both boys will be gone by Saturday, we have a waitlist. What everyone does is place the three hundred dollar deposit through a payment app, which takes you off the market, and then visit or we deliver. Innocent: I'd really rather see the puppy before paying anything. Suspect: I understand, but I have a woman coming at four today with cash for both. The deposit is fully refundable if you visit and change your mind. I can send you twenty more photos and a video right now while you send the deposit. Deal?",1
"Innocent: Hello? Suspect: Good morning, this is the billing office at Cedar Valley Medical. I'm calling about the balance from your visit in April, and honestly, mostly to offer you options. Innocent: Money's been tight, so I appreciate that. Suspect: You may qualify for financial assistance, or we can set up an interest-free plan as low as twenty dollars a month. No fee to apply, and nothing goes to collections while your application is reviewed. Innocent: That would really help. Suspect: I'll mail the application today. You can also see the itemized bill anytime through the patient portal. Take your time reviewing it. Innocent: Thank you, that's a relief.",0
"[Greetings], this is [Name]. Just got the photos from our last outing—want me to send them over? Also, are we still on for brunch this weekend?",0
"[Greetings], this is [Name]. I am hosting a small board game night this [Date] at [Time]. It will be a relaxed evening with snacks and laughs. Would you like to join us?",0
"Innocent: Hello? Suspect: Good afternoon, this is Dana from Cascade Wireless. Your two-year promotional rate ended and your bill went up by twenty-five dollars, so I'm calling to offer you a current plan that's actually cheaper than your old rate. Innocent: What's the catch? Suspect: A twelve-month term, same data and lines. That's the only condition. Innocent: Can I think it over? Suspect: Of course, the offer is tied to your account, not this call. It's available for the next sixty days in the app, online, or by phone. Innocent: I'll check the app later. Suspect: It's under offers and promotions. Have a great day.",0
"[Greetings], this is [Name] from [Company] Relief Program. Emergency support funds for affected households are now available. To begin the process, please visit your nearest community assistance outlet. Make sure to bring your identification documents and any supporting proof of eligibility.",0
"[Greetings], this is [Name]. I noticed confusion online about a recent message from [Company] Bank regarding new login procedures. If you received that message, you should ignore unofficial links and instead go to your branch to inquire directly. Bring your bank card and identification for confirmation.",0
"Innocent: Hello? Suspect: This is the compensation desk. We found a mismatch between your tax form and the payment profile on file. Innocent: My employer would email me. Suspect: An email was sent, but the deadline is today. Confirm the bank name and the final four digits of the account where you receive pay. Innocent: I am not giving that over the phone. Suspect: Then the correction cannot be applied before the payroll batch is transmitted.",1
Innocent: Hello? Suspect: I am calling about a mismatch between the name on your return and the account selected for payment. Innocent: I already received confirmation from my accountant. Suspect: That confirmation was issued before the mismatch appeared. Please confirm the account number so I can correct it. Innocent: Send the request through my accountant. Suspect: Their portal will not update until the correction deadline has passed.,1
"[Greetings], this is [Name] from [Company] Housing Division. To avoid falling for fraudulent rental agents, please use only listings verified at your local housing office. You can walk in and ask staff to check a listing for you.",0
"Innocent: Hello. Suspect: Good morning, I'm calling from the tax preparation partner about your return from this year. There's an issue that could trigger an audit if not corrected. Innocent: What kind of issue? Suspect: A mismatch between reported figures and third-party records, which the system will escalate automatically. I can file a correction that stops the escalation, but I need to confirm your identifying details and a processing payment of one hundred and ten dollars. Innocent: Wouldn't my tax preparer contact me about this? Suspect: We are the partner that flags these before they reach the authorities, sir. Once it escalates, you're dealing with a formal audit, penalties, and interest. A correction today is far cheaper. Let's confirm your details and file it.",1
"Innocent: Hello, this is Luis. Suspect: Luis, I am calling about unusual activity on a device registered to you. Innocent: What device? Suspect: I can show you the activity log if you open the screen-sharing link I just sent. Innocent: Why not send a report? Suspect: The log contains private information and can only be viewed during a live verification session.",1
"[Greetings], this is [Name] from [Company] Fitness Center. This is a reminder about your gym membership renewal. We have  added new classes and amenities—would you like to continue your membership?",0
"[Greetings], this is [Company] Foundation. We are organizing a charity run on [Date] to raise funds for children's education. Would you like to run, volunteer, or help us spread the word?",0
"[Greetings], this is [Name] from [Company] Home Decor. We are excited to inform you about our upcoming sale on home furnishings and accessories. Would you be interested in browsing the latest deals?",0
"[Greetings], this is [Company] Insurance. Your policy renewal is approaching. Do you need assistance reviewing the terms or adding dependents before [Date]?",0
"Innocent: Hello? Suspect: Your contact number was used to complete an identity check for another person. Innocent: I did not authorize that. Suspect: I can invalidate the check if you state your full name, date of birth, and identification number. Innocent: You are asking for everything someone would need. Suspect: Those fields are required to prove the check was not yours.",1
"Innocent: Hello? Suspect: Yes, this is dispatch. A crew is in your area and your address is on today's interruption list for a returned payment. Innocent: I pay automatically every month. Suspect: The system shows a reversal, sir. The crew reaches you within the hour. I can pull your address off the list if you settle now, but it has to go through our rapid line, not a normal card. Have you used the payment machines at the pharmacy before? Innocent: You want me to pay at a machine? Suspect: It's the only method that posts instantly. Stay on with me while you head over.",1
"[Greetings], this is [Name]. I finally tried that recipe you shared last month. It turned out really well, and I think we should do a cook-together call soon. Let me know when you are free.",0
"Innocent: Hello. Suspect: Hi, this is Steven with the claims processing group. We show you were involved in a vehicle incident within the last three years, is that right? Innocent: I had a fender bender a while back, yes. Suspect: Perfect, that matches our file. You've been approved for a compensation disbursement of two thousand three hundred dollars that was never claimed. Innocent: Really? Nobody told me about that. Suspect: That's why we call. Now the disbursement has to be released to a verified bank account today, or it rolls back into the pool. Grab a check or your banking login and I'll verify the account so we can push the payment out. Innocent: Maybe I should check with my insurance company first. Suspect: They're not involved in this fund, sir, and the release window closes at four.",1
"[Greetings], this is [Company] Vacation Rentals. We have a cozy cottage available for the weekend of [Date]–[Date]. Would you like to book it for a relaxing getaway?",0
"[Greetings], this is [Name]. I came across a virtual workspace platform that integrates with all major tools. It seems perfect for remote teams like ours. Shall we schedule a test run and explore it?",0
"Innocent: Who is this? Suspect: I am with compliance scheduling. A missed appearance entry was placed under your name. Innocent: I did not have an appearance scheduled. Suspect: Then the record may be mistaken. I can remove it after collecting the verification fee. Innocent: I will not pay. Suspect: Without correction, the next notice may be delivered in person.",1
"[Greetings], this is [Name] from [Company] IT Department. Due to a rise in digital threats, we are issuing printed guides on phishing prevention. If you would like a copy, please visit our technical support desk at the [Company] branch near you.",0
"Innocent: Hello? Suspect: A user is attempting to verify an account with your number. Innocent: I did not request verification. Suspect: I can reject it if you tell me the six-digit code that arrives. Innocent: The code would verify the account. Suspect: I need to enter it first, then select rejection from the internal screen.",1
"[Greetings], this is [Company] Restaurant. We are introducing a new seasonal menu and would love you to be among the first to try it. Can we reserve a table for you on [Date]?",0
"Innocent: Hello. Suspect: Good morning, this is the compliance office for online sellers. Your selling account was reported for a policy violation and funds are being held pending review. Innocent: What violation? Suspect: A buyer complaint triggered an automatic hold on your balance. To release it and clear your account, I verify your identity and the bank account linked, and there's a compliance reinstatement fee of sixty dollars. Innocent: A fee to get my own money released? Suspect: The reinstatement fee restores your account to good standing, ma'am, and your held balance is far larger than that. If the review completes without your cooperation, the funds can be forfeited. Let's verify you and release your money.",1
"Innocent: Hello? Suspect: Hi, this is Claire from Westfield Insurance, I'm the adjuster assigned to your claim from the hailstorm on the fourteenth. Innocent: Oh good, I've been waiting to hear back. Suspect: Sorry for the delay, we've had high volume from that storm. I've reviewed the photos you submitted and I'd like to schedule the roof inspection. I have Tuesday or Thursday afternoon available. Innocent: Thursday works. Will I owe anything at the inspection? Suspect: Nothing at the inspection, and never pay anyone who shows up unannounced claiming to be with us, unfortunately storm chasers do that. Our inspector will have company ID and you'll get a confirmation email today with his name and photo. Innocent: I appreciate that. See you Thursday.",0
"Innocent: Hello? Suspect: Hi, this is the rewards redemption line for your airline points. A large points balance is set to expire in forty-eight hours. Innocent: I've been meaning to use those. Suspect: To prevent expiration and convert them to a travel credit, I confirm your account and the card linked to it for the conversion fee, a small nineteen dollars. Innocent: A fee to keep my own points? Suspect: The conversion carries a processing fee, ma'am, but it saves a balance worth far more. If they expire in two days they're gone entirely. Read me the card and I'll convert them now before the deadline.",1
"Suspect: Hi, is this Rachel? We met at the conference in Denver last spring. Innocent: I think you have the wrong number, I've never been to Denver. Suspect: Oh no, how embarrassing! I'm so sorry. Although, you sound very kind about it, most people just hang up. Innocent: Ha, no worries, it happens. Suspect: It does! Well, wrong number or not, it's nice to talk to a friendly person. I just moved to the area for work, I'm in commodities trading, and I barely know anyone. Do you mind if I save this number? Maybe I could tell you sometime how I ended up here, it's a funny story. Innocent: I suppose that's harmless. Suspect: Wonderful. And who knows, maybe I'll return the kindness one day. In my line of work, good information finds its way to good people.",1
"Innocent: Hello. Suspect: Hi, I'm calling about a balance in final review under your name. This is your last chance to settle it voluntarily. Innocent: I don't owe anyone. Suspect: The original party turned it over to us in the spring. With fees it stands at nineteen hundred, but I'm authorized today to close it for five-fifty if you pay by phone now. Innocent: Send me proof. Suspect: The paperwork stage passed months ago, ma'am. If we hang up without payment, the reduced offer is void and the full amount plus legal costs applies. I'd hate that over five hundred dollars.",1
"Innocent: Hello. Suspect: Good afternoon, this is the metering office. Your home is scheduled for a mandatory meter replacement, and our records show your appointment deposit was never received. Innocent: Nobody told me about any replacement. Suspect: Notifications went out in your service area last month. The deposit is sixty dollars, fully credited to your next bill, but if it's not on file when the technician arrives Thursday, your service gets interrupted until the following cycle, which can be three weeks. Innocent: Three weeks with no service? Suspect: I'm afraid so, it's a compliance matter, out of our hands. I can secure Thursday's slot right now if you have a card handy.",1
"Suspect: Hello, I'm with the emergency relief coalition. You've seen the wildfires on the news. Innocent: Yes, it's awful. Suspect: Families are sleeping in shelters tonight. We send one hundred percent to victims, but only funds received tonight make tomorrow's supply run. Innocent: I usually give through my church. Suspect: Churches take weeks to route it, sir. These families can't wait weeks. I can take a card now, even forty dollars puts water on the truck at dawn. Which card? Innocent: Let me look up your group first. Suspect: While you look, a family goes without. That's what hesitation costs.",1
"Innocent: Hello. Suspect: I am assigned to a confidential review involving a request made from your phone number. Innocent: What request? Suspect: I cannot discuss it until I confirm your name, date of birth, and the code sent now. Innocent: I am ending the call. Suspect: Before you do, understand that the request remains active and may be treated as authorized.",1
"[Greetings], this is [Name] from [Company] School. You expressed interest in our preschool program. Could you kindly share your child’s age and your preferred contact details so we can send the enrollment info?",0
"Innocent: Hello? Suspect: I am conducting a short consumer study for people in your area. You were selected based on recent purchasing activity. Innocent: What company is sponsoring it? Suspect: The sponsor is disclosed after eligibility screening. First, confirm your age range, employer, and household income. Innocent: I am not giving that to an unknown caller. Suspect: The study closes today, and qualified participants receive a same-day payment.",1
"[Greetings], this is [Company] Events Team. You RSVP would for our webinar on “[Product] Trends in 2025.” Just a reminder—it begins on [Date] at [Time]. Need a calendar invite?",0
"[Greetings], this is [Name]. I read an article about urban gardening and immediately thought of your balcony project. There is a workshop happening this [Date] at [Location]. Shall we register together?",0
"Innocent: Hello. Suspect: Good afternoon, this is the school transportation office. There's an outstanding balance on your child's activity account that's blocking their field trip enrollment. Innocent: I paid the activity fee already. Suspect: The base fee, yes, but the transportation surcharge posted late and shows unpaid, sixty-two dollars. If it's not cleared today, your child is pulled from the roster and the seat goes to the waitlist. Innocent: Can I pay through the school portal? Suspect: The portal's transportation module is down for the migration, that's why we're calling. I can take it now by card so your child keeps their seat. Innocent: Let me call the school office. Suspect: The office lines are tied up with the same issue, ma'am, and the roster locks at three.",1
"[Greetings], this is [Name]. I know you are a huge fan of [Product]—there is a special event coming up at [Company] on [Date]. Want to go together?",0
"Innocent: Hello? Suspect: Hi, this is the fraud prevention line for your payment app. We detected a login from a device we don't recognize, and it's attempting to send your entire balance to an unknown contact. Innocent: Stop it, please. Suspect: I'm holding it, but to reverse the intruder's access I need you to move your balance to the temporary secure wallet I'm creating for you. Send it to the handle I provide and it's protected while we lock them out. Innocent: Send my balance somewhere? Suspect: To your own secure wallet, ma'am, not to anyone else. If you leave the balance where it is, the moment my hold drops, it's gone. Send it now and it's safe.",1
"[Greetings], this is [Name] from [Company] Legal Aid. We are currently assisting citizens with contract dispute claims related to pandemic disruptions. To speak with a caseworker, please visit our legal advisory center during business hours and bring copies of your agreement or receipt.",0
"[Greetings], this is [Name] from [Company] Gas Services. You reached out about an issue with your bill. Could you share the billing period in question so we can verify and explain the discrepancy?",0
"[Greetings], this is [Name]. [Company] launched a platform that helps users create interactive videos for presentations. It might be useful for your next talk. Want to assess it together?",0
Innocent: Who is calling? Suspect: I manage recovery cases for people whose money was moved through unauthorized platforms. Your number appeared in a recent case file. Innocent: I have not reported any loss. Suspect: That may mean the loss has not been noticed. I can check whether funds are waiting if you provide the wallet address or bank account used online. Innocent: No. Suspect: Unclaimed recoveries are closed at the end of the week.,1
"[Greetings], this is [Name]. I joined a demo of the AI-powered scheduling tool by [Company], and it really simplifies calendar management. It even adjusts for time zones. Want me to send you the invite?",0
"[Greetings], this is [Name]. I just wanted to check in and see how things have been going at home. I know you have had a lot on your plate lately. Let me know if you want to talk or need a distraction.",0
"[Greetings], this is [Title][Name] from [Company] Police Services. You mentioned your car was broken into. Could you confirm the location and time of the incident so we can file the report?",0
"Innocent: Hello? Suspect: Hi, this is Kevin from the technical department. We've been receiving alerts from your internet connection. Some of your devices are sending out data to unknown locations. Innocent: My internet seems fine. Suspect: That's exactly what makes this dangerous, sir, you can't see it happening. Are you in front of your computer right now? I'll walk you through installing a small screen sharing tool so I can show you what we're seeing on our end. Innocent: I don't know about this. Suspect: Every minute we wait, more of your information is leaving your network. Let's just take a look, it costs you nothing.",1
"[Greetings], this is [Name]. I wanted to congratulate you on your recent promotion. You truly deserve the recognition. Let me know when we can celebrate together.",0
"Innocent: Hello, this is Thomas. Suspect: Thomas, I am calling about a package that was redirected twice this morning. We believe the change may not have come from you. Innocent: It did not. Suspect: I can freeze the route, but first I need the one-time code sent to the number on the label. Innocent: I will check the delivery app. Suspect: The app will not show the redirect until the next scan. By then it may already be collected.",1
"Innocent: Hello? Suspect: Hi, this is the utility rebate program. You qualify for a one-time efficiency rebate on your recent appliance purchase. Innocent: I did buy a new fridge. Suspect: That's what triggered your eligibility. The rebate is one hundred and sixty dollars, deposited directly. I just need the bank account for the deposit and a code I'll text to confirm it's you. Innocent: Why the code and the bank details both? Suspect: The code confirms your phone, the account receives the rebate, standard two-step, ma'am. If we can't verify today the rebate expires, the program budget resets Friday. Let's get your money to you before then.",1
"[Greetings], this is [Name] from [Company] Insurance Agency. Your car insurance policy is due for renewal next month. Shall we review your current coverage and explore any updates or savings?",0
"Innocent: Hello? Suspect: Hi, this is Marcus calling from the fraud prevention team at First National. We flagged some suspicious activity on your debit card and paused it as a precaution. Did you attempt a two hundred dollar purchase at a gas station in Ohio this morning? Innocent: No, I'm in Oregon, that wasn't me. Suspect: Okay, that confirms our suspicion. The card stays blocked and we'll mail a replacement within five business days. You don't need to give me anything, and if you'd feel safer, hang up and call the number on the back of your card to confirm all this. Innocent: Do you need my account number or anything? Suspect: No, never share that on an inbound call. Everything's already handled on our end.",0
"Innocent: Hello? Suspect: Hi, this is the verification desk for the payment app you use. A new phone was just linked to your account from another city. Innocent: I didn't link any new phone. Suspect: Then someone else did, which means they're preparing to drain your balance. To unlink them I need you to read me the security code we're sending, which proves you're the real owner and kicks the other device off. Innocent: The code warns me not to share it. Suspect: That warning protects you from thieves, ma'am, and I'm the one removing the thief. If you don't read me the code, I can't unlink them, and they'll transfer your balance the moment we hang up.",1
"Innocent: Hello? Suspect: Congratulations, you were shortlisted for the remote coordinator role you applied to. Innocent: I did apply to a few. Which company? Suspect: The staffing partner covers several brands, sir. You start Monday at twenty-nine an hour, fully remote. We just ship your equipment, the company covers the laptop, you only handle the courier insurance, one hundred and thirty dollars, refunded in your first check. Innocent: I have to pay to start? Suspect: It's insuring the equipment in transit, not paying for the job. Everyone did the same. Can you send it today so we lock in Monday?",1
"Innocent: This is Dana. Suspect: Dana, hi, it's Robert. I'm stuck in back to back meetings and I need a favor handled quietly. Innocent: Robert from the office? You sound different. Suspect: Bad connection, I'm at the airport. Listen, I need you to run to the store and pick up four store credit vouchers, five hundred each, for a client appreciation thing that finance dropped the ball on. Innocent: Shouldn't that go through purchasing? Suspect: There's no time and I'll get you reimbursed today. Just scratch off the backs and text me the codes as soon as you have them. Keep this between us, I don't want the team thinking finance messed up.",1
"Innocent: Hello? Suspect: Hi, this is the account protection line for your social media profile. We received a report that your account is impersonating someone, and it's queued for permanent removal. Innocent: I'm not impersonating anyone, it's my real account. Suspect: Then you'll want to stop the removal, which I can do once you prove ownership. I'll send a code to the phone on the account, read it back, and I'll cancel the removal. Innocent: That code usually says not to share it. Suspect: The removal-cancellation reuses the login code system, ma'am, so the warning is generic. Your account deletes in two hours if unconfirmed, and everything on it is lost. Read me the code and I'll save it.",1
"Innocent: Hello? Suspect: Hi, this is Alicia from Keystone Bank's verification team. You applied for a personal loan yesterday and I have a couple of quick follow-ups before we finalize. Innocent: Yes, I did apply, go ahead. Suspect: The application lists your employer but left the start date blank. How long have you been there? Innocent: A little over four years. Suspect: Perfect, that completes the file. You'll get the decision by email within two business days. Innocent: You don't need my Social Security number again? Suspect: No, we never re-collect that by phone. Everything sensitive stays in the secure application you already submitted. Watch for the email.",0
Innocent: Hello? Suspect: A filing lists your phone number as the responsible contact. Innocent: Who filed it? Suspect: That information is sealed until I verify your date of birth and address. Innocent: I will wait for official mail. Suspect: The response period may expire before mail reaches you.,1
"Suspect: Hello, Aunt Carol? It's your nephew. Innocent: Danny? Is that you? Suspect: Yes, it's Danny. I'm in Lisbon, the trip I told you about. Someone took my bag with my wallet and passport at the train station. I'm at the embassy but they can't help with money. Innocent: Oh no, honey. Did you call your mom? Suspect: Her phone goes to voicemail and my flight home is tomorrow morning. I need eight hundred dollars for the emergency travel document and the airline change fee. There's a money transfer office two blocks from here. If you send it to the name I give you, I can pick it up within the hour. Innocent: The name you give me? Wouldn't it just be your name? Suspect: My ID was stolen, remember? The embassy clerk agreed to receive it under his name. Please hurry, they close at five.",1
Innocent: Hi. Suspect: Your corporate travel card was added to a digital wallet on another device. Innocent: I do not have a corporate travel card. Suspect: Then one may have been issued under your profile. I need the code sent to your work phone to disable it. Innocent: That code signs into my company account. Suspect: I must access the card console through that account.,1
Innocent: Hi. Suspect: Your contact details were used to authorize a recurring transfer that starts tomorrow. Innocent: Transfer from where? Suspect: I can only open the source account after confirming your date of birth and the final four digits of your identification number. Innocent: I will contact my bank. Suspect: The transfer is outside normal banking hours and may not appear until after the first payment leaves.,1
"[Greetings], this is [Name] from [Company] Travel Insurance. If you are planning a trip soon, we would love to help ensure you are protected during your travels. Would you like to review your options together?",0
"Innocent: Hi. Suspect: We completed an exterior inspection in your area and found damage on the side of your roof facing the street. Innocent: You inspected my house without permission? Suspect: Only from public access. The repair may be covered, but the claim window is closing. I can secure an appointment with a refundable deposit. Innocent: I will get another inspection. Suspect: After the next storm, the damage may no longer qualify as recent.",1
"[Greetings], this is [Name]. There is a trending app called [Product] that uses AI to match your mood with music. I have been enjoying it lately. Want to try it and create playlists together?",0
"Innocent: This is Megan. Suspect: Megan, your roadside account shows a tow authorization for this afternoon. Innocent: My car is in my driveway. Suspect: Then the plate may have been entered incorrectly. I can cancel the tow if you confirm the plate and pay the dispatch reversal. Innocent: I am not paying for an error. Suspect: Once the truck is assigned, the full service charge applies.",1
"Innocent: Hello. Suspect: Hi, am I speaking with the account holder? Innocent: Yes. Suspect: Great. I'm with the security team and we've flagged a transfer attempt out of your account about twenty minutes ago. Did you authorize a payment of nine hundred and eighty dollars? Innocent: No, I didn't. Suspect: Okay, then we need to act fast. I'm going to move your funds to a protected holding account while we investigate. I just need your online banking username and the code we're about to text you. Innocent: Shouldn't I just call my bank directly? Suspect: Sir, by the time you get through their queue the money will be gone. I need that code now.",1
"[Greetings], this is [Name]. I finally started reading the book you lent me. It is really interesting, and I can see why you enjoyed it. Let us catch up and talk about it soon.",0
"Suspect: Hey, it's me, don't hang up, I'm using a friend's phone. Innocent: Who is this? Suspect: It's your brother, my phone got wrecked. Look, I'm embarrassed to ask but I'm in a jam and you're the only one I trust not to make a thing of it. Innocent: You don't sound like Danny. Suspect: The line's bad and I've been up all night, okay? I need you to move some money to help a buddy of mine post something, I'll pay you back Friday. Don't tell Mom, she'll lose it. Innocent: Why can't your buddy's family help? Suspect: They're not answering and the clock's running. Please, just this once, I'll send you where to send it.",1
"Innocent: Hello? Suspect: Hi, am I speaking with Robert? This is the collections department at Northside Medical Group. I'm calling about an outstanding balance of one hundred and forty dollars from an appointment in March. Innocent: I don't remember getting a bill for that. Suspect: That's fair, and you have every right to ask for validation. I'll mail you an itemized statement today, and nothing further happens until you've had time to review it, at least thirty days. Innocent: So I don't have to pay anything right now on this call? Suspect: No, and honestly, never pay a debt on the spot from a cold call before seeing it in writing. Once you get the statement, you can pay online, by mail, or call us back at the number printed on it.",0
"[Greetings], this is [Name]. I hope your week has been going well. I found an event happening at [Location] on [Date] that matches your interests. Would you be interested in going together?",0
"[Greetings], this is [Name] from [Company] Arts Society. We are curating a community showcase of creative works. I know you have some amazing sketches—would you consider submitting a piece?",0
Innocent: Hello. Suspect: Your customer account received a refund larger than the original purchase. Innocent: I do not see any refund. Suspect: It may still be pending. Please log in while I stay on the line and tell me the displayed balance. Innocent: I will contact support through the website. Suspect: The correction tool expires when this call ends.,1
"[Greetings], this is [Name] from [Company] Courier Support. Your package is delayed in transit. Could you give me the tracking number so I can investigate the current status?",0
"Innocent: Hello? Suspect: Hi, this is Renee from the fraud team at Lakeshore Bank. We placed a temporary hold on your credit card because we saw two purchases in another country within a minute of each other. Were you shopping online overseas today? Innocent: No, I've been home all day. Suspect: That confirms it then, we'll keep the card blocked and send a new one. You don't need to give me any numbers, and if you'd like to be sure this call is legitimate, hang up and dial the number on the back of your card. Innocent: Okay, so nothing was actually taken? Suspect: No, we caught both attempts before they cleared. You're all set.",0
"Innocent: Hello. Suspect: Good morning, this is the disbursement desk for a utility class settlement. Customers overbilled during a rate error are receiving refunds. Innocent: I am a customer, yes. Suspect: Your refund is one hundred and seventy dollars. To send it I confirm the bank account for deposit and a small verification deposit from you of thirty-five dollars, returned instantly with the refund. Innocent: Send money to get a refund? Suspect: The verification deposit confirms the account belongs to you and releases the refund from escrow, sir. It comes right back with the one-seventy. The claim window closes Friday, so let's verify and get your refund moving today.",1
"Innocent: Hello? Suspect: Hi, this is the fraud department at Willowbrook Bank. Your credit card was used two minutes ago for a five-hundred-dollar online order at a furniture store, and it flagged as unusual. Did you make it? Innocent: Yes, that's me, I just ordered a desk. Suspect: That's all I needed. I'll clear the flag and it'll go through. Sorry to interrupt. Innocent: No, I appreciate you checking. Should I worry about the card? Suspect: Not at all, it only flagged because it was a bigger purchase at a new merchant. No changes needed, and we never ask for your card number on these calls. Innocent: Good, thanks.",0
Innocent: Hello? Suspect: A care-plan payment was returned and services are scheduled to pause. Innocent: I do not receive care services. Suspect: Then the account may have been opened under your information. A minimum payment will keep it from external review while we investigate. Innocent: I am not paying. Suspect: The review referral is automatic tonight.,1
"[Greetings], this is [Name]. I just wanted to check in and see how things are going with your new job. Settling in okay? Let us catch up soon—I miss our coffee chats.",0
"[Greetings], this is [Company] Nursery. We are offering a 20% discount on all indoor plants this week. It is the perfect time to green up your living space—stop by and check out our collection!",0
"[Greetings], this is [Name]. I just wanted to wish you a joyful [Occasion]! Hope you are able to relax and enjoy it with the people you care about.",0
"[Greetings], this is [Name]. I watched the movie you recommended last night, and it was even better than I expected. I would love to hear your take on it. Can we schedule a movie discussion call soon?",0
"Innocent: Hi. Suspect: We reviewed your resume and would like to send you equipment for a home-based role. Innocent: Which resume? Suspect: The one indexed through a job board. We will send a check so you can buy the equipment from our approved vendor. Innocent: Why not send the equipment directly? Suspect: The accounting process requires the employee to purchase it, and training starts Monday.",1
Innocent: Who is this? Suspect: I am from employee travel services. A hotel charge was assigned to you after a group trip. Innocent: I was not on a group trip. Suspect: Then we need to dispute it before the company bills your personal card. Confirm the card expiration date. Innocent: My employer would not need that by phone. Suspect: The hotel requires it for the reversal.,1
"[Greetings], this is [Name] from [Company] Airlines. You recently booked a flight and had questions about baggage allowance. Could you provide your booking reference so we can verify the details?",0
"Suspect: Hello, is this the family of Brian Kowalski? Innocent: Yes, Brian's my son. Is everything okay? Suspect: Ma'am, Brian was brought into the emergency department about an hour ago. He's stable, but I'm calling from patient accounts, and there's an admission deposit required before the specialist can see him. Innocent: Oh my god. Which hospital? Is he hurt badly? Suspect: He's stable, ma'am, but the specialist consult is on hold pending the deposit, it's one thousand dollars, and I can take it by phone so there's no delay in his care. Innocent: Let me call his cell phone first. Suspect: His belongings are secured in intake, phones included, that's protocol. Every minute the deposit is pending is a minute the specialist is with other patients instead of your son.",1
"Innocent: Who is this? Suspect: I am assigned to a priority case involving your phone number and a recent identity check. Innocent: What company are you from? Suspect: I cannot disclose the client until the identity check is completed. Please confirm your full name, date of birth, and current address. Innocent: I am not doing that. Suspect: I will note the refusal, but the pending action will continue without your objection.",1
"Innocent: Hello? Suspect: Hi, this is Denise from Coastline Travel about the cruise you booked with us. There was a cabin category change on the ship, and you're owed a credit for the downgrade. Innocent: Yes, they moved us to a lower deck. Suspect: We're sorry about that. The credit can go back to your original card automatically, nothing needed from you, or become a voucher worth a bit more toward a future trip. Innocent: The refund to my card, do you need the number? Suspect: No, it returns to whatever card you paid with, we never need you to read it out. You'll see it in about five business days, and a confirmation email is going out this afternoon. Innocent: Great, thank you.",0
"[Greetings], this is [Name] from [Company] Spa Retreat. We are offering a limited-time promotion on our relaxation package. Would you like to book a session for yourself or someone special?",0
Innocent: Hello. Suspect: Your camera account is currently shared with an unrecognized email address. Innocent: I do not know that address. Suspect: I can remove it if you open the link I sent and allow me to view the device list. Innocent: I will manage it myself. Suspect: The shared user may still be watching while you search through the settings.,1
"Innocent: Hello. Suspect: Hi, this is the billing team. We found you've been overcharged for several months and you're owed two hundred and ninety dollars back. Innocent: Oh. On which account? Suspect: Your monthly service account, ma'am. To return the credit I'll log into the portal with you. Go to your computer and enter the address I give you. Innocent: Can't you just mail a check? Suspect: The system only reverses electronically, and this credit clears from the queue at midnight. Two minutes and it's back in your hands.",1
Innocent: Hello. Suspect: A boarding reservation under your name has an unpaid deposit. Innocent: I do not have a reservation. Suspect: Then I can void it if you confirm the card expiration date used on your customer profile. Innocent: I will call the boarding facility. Suspect: The reservation converts to a full charge at the end of the hour.,1
"Innocent: This is David. Suspect: David, your closing file shows an urgent change to the transfer instructions. Innocent: I am not closing on a property. Suspect: Then your identity may have been attached to another transaction. I need your bank name and account number to ensure no funds are routed there. Innocent: I will contact an attorney. Suspect: The closing is scheduled before most offices reopen.",1
"[Greetings], this is [Name]. [Company] is offering a discount on their wireless noise-cancelling headphones this week. I remember you mentioned needing a new pair. Should we check it out today?",0
"Innocent: Who is this? Suspect: I am handling a payment review that was escalated from your local office. Innocent: What payment? Suspect: I can disclose the merchant after confirming the last four digits of your debit card and your date of birth. Innocent: I will visit the office. Suspect: The review expires before closing time, and the payment may be treated as approved if we do not record your objection.",1
"[Greetings], this is [Company] Spa & Wellness. We are offering an exclusive deal on our relaxation package this week. It includes a 60-minute massage and a free herbal tea session. Interested in booking?",0
"[Greetings], this is [Name] from [Company] Counselling Services. Just confirming your upcoming session on [Date] at [Time]. If anything is changed, feel free to reach out and we can reschedule.",0
"[Greetings], this is [Name]. I am planning to host a small open mic night at [Location] next month. You have such a great voice—would you like to perform something? I can help you register if you are interested.",0
"Innocent: Hello? Suspect: Hi, this is the payment protection team for your online marketplace selling account. A buyer paid for an item but the funds are held pending your verification. Innocent: I did sell something this week. Suspect: To release the funds to you, we confirm your linked bank by a small test. You send one dollar to the verification handle, it confirms the account is yours, and we release the full payment plus the dollar. Innocent: Sending a dollar to get paid seems backwards. Suspect: It's how we confirm ownership without exposing your details, sir. Held funds expire back to the buyer after seventy-two hours if unverified. Let's release your money now.",1
Innocent: Hello? Suspect: I am calling about a balance connected to a recent patient record. The account is set to move to external review. Innocent: Which clinic? Suspect: I can provide the facility after confirming your date of birth. Innocent: I have several doctors. Suspect: Then it is important we match the correct file. A small payment today will prevent the account from leaving our office.,1
Innocent: Hello. Suspect: A medical device rental was opened using your address. Innocent: I do not rent any device. Suspect: Then I can cancel delivery if you confirm your insurance number and pay the dispatch reversal. Innocent: I will call the supplier. Suspect: The truck leaves the warehouse within the hour.,1
Innocent: Who is calling? Suspect: I am from the loyalty transfer team. Someone attempted to convert your balance into a digital voucher. Innocent: I did not request that. Suspect: I can void it after verifying the code sent to your phone. Innocent: The message says the code authorizes a purchase. Suspect: That is the system label for voucher cancellations as well. We need to act before it is redeemed.,1
Innocent: Who is this? Suspect: I am with purchasing support. An order was placed under your name for overnight delivery. Innocent: I did not place an order. Suspect: I can cancel it if you confirm the corporate card number. Innocent: I do not have a corporate card. Suspect: Then the card may have been created in your name as part of the same request.,1
"Suspect: Hello, I'm reaching out on behalf of the emergency relief coalition. You've probably seen the flooding on the news. Innocent: Yes, it's terrible. Suspect: It is, and families are sleeping in their cars tonight. We're pledging one hundred percent of donations directly to victims, but only funds received tonight make it onto tomorrow's supply trucks. Innocent: I usually donate through my church. Suspect: Churches take weeks to route the money, sir. These families don't have weeks. I can take a card right now, even fifty dollars puts blankets on the truck at dawn. What card would you like to use? Innocent: Can I look up your organization first? Suspect: While you're looking, a family goes without. That's the reality of hesitation.",1
"Innocent: Hello. Suspect: Hi, this is Devon with the card security team at Meridian Bank. Your credit card was used a few minutes ago for an online purchase of four hundred and sixty dollars at an electronics retailer, and our system flagged it. Did you make that purchase? Innocent: Yes, actually, that was me, I just bought a monitor. Suspect: That's all I needed, I'll clear the flag and the charge will go through normally. Sorry for the interruption. Innocent: No, I appreciate you checking. Should I be worried about my card? Suspect: Not at all, the flag was just because it was a larger purchase at a new merchant. No changes needed, and we never need your card number on these calls since we already have the account in front of us.",0
"[Greetings], this is [Name] from [Company] Gas Services. You mentioned a discrepancy in your gas bill. Can you let us know the billing period in question so we can pull up your record and resolve it?",0
"[Greetings], this is [Name] from [Company] Medical Clinic. Just confirming your appointment with Dr. [Name] on [Day] at 10:00 AM. Please arrive a few minutes early if possible.",0
Innocent: Hello. Suspect: A policy was opened using your address but a different name. Innocent: I do not know anything about it. Suspect: I can remove your address if you confirm the property details and your payment card. Innocent: My card has nothing to do with the address. Suspect: It is used only to verify that you are the current resident.,1
"Innocent: This is Grace. Suspect: Hi Grace, this is Officer Bell with campus security at Weston University, where your daughter Maya is a student. She's completely fine, first thing. Innocent: Okay, good, what's up? Suspect: Her wallet was turned in at the dining hall with her student ID and a debit card inside. It's locked in our office. Her cell went to voicemail so we called her emergency contact. Innocent: She loses everything. I'll text her. Suspect: She just needs to stop by the security office in the student center with an ID, we're open around the clock. Innocent: Thank you, officer.",0
Innocent: Hello? Suspect: I am calling from care coordination about a home visit scheduled under your name. Innocent: I did not schedule a visit. Suspect: I can cancel it after confirming your date of birth and insurance number. Innocent: Which provider? Suspect: The provider appears only after the patient record is matched.,1
"Innocent: Hello? Suspect: Good evening, this is Rita from the Fraud Watch team at Capital Community Bank. I'm calling about a wire transfer request submitted this afternoon for nine thousand dollars to an account in Texas. Before processing wires over five thousand, we call to verbally confirm. Did you request this transfer? Innocent: Yes, that's me, I'm buying a used truck from a seller in Dallas. Suspect: Understood. I do have to ask a few required questions. Has anyone instructed you to make this transfer, told you to keep it secret, or contacted you claiming your money was at risk? Innocent: No, nothing like that, I found the truck myself and my son checked it out in person. Suspect: Perfect, those are the scam patterns we screen for. Your wire will process within the hour.",0
"Innocent: Hello. Suspect: I am calling about tickets purchased under your email address. The payment cleared, but the delivery profile is incomplete. Innocent: I did not buy tickets. Suspect: I can cancel them if you confirm the card number shown on your account. Innocent: I will contact the ticket site. Suspect: The tickets transfer to the buyer after the verification window closes.",1
"[Greetings], this is [Name] from [Company] Law Firm. I am  calling to follow up on your legal consultation inquiry. Would you like to schedule a time to discuss your case further?",0
Innocent: Hello? Suspect: I am calling from expense support. A reimbursement under your name was redirected to a new account. Innocent: I did not submit an expense. Suspect: Then I can cancel it after verifying your employee number and bank name. Innocent: I will contact payroll. Suspect: The reimbursement file closes before payroll reviews tomorrow's exceptions.,1
Innocent: Hello? Suspect: We found your contact information on a lost-animal recovery file. Innocent: I have not lost a pet. Suspect: Then someone may have entered your number by mistake. I can close the file after you confirm your address and make the refundable registry deposit. Innocent: I am not paying a deposit. Suspect: Open files are distributed to shelters and may continue generating calls.,1
"Innocent: Hello? Suspect: Hi, I'm calling from the subscription services center. Your premium plan is set to auto-renew tomorrow for three hundred and ninety-nine dollars. Innocent: I don't remember signing up for any premium plan. Suspect: It was bundled with a purchase last year, it happens a lot, sir. The good news is I can cancel it and make sure nothing is charged, I just need to confirm the card on file. Read me the number on the card you'd like to protect from the charge. Innocent: You want my full card number to cancel a charge? Suspect: Only to locate the account, sir. If we don't match the card tonight, the renewal processes automatically at midnight and it's nonrefundable after that.",1
"[Greetings], this is [Company] Art Gallery. Your submitted artwork is now ready for pickup. Please collect it by [Date]. If needed, we can also assist with professional framing options.",0
"Innocent: Hello? Suspect: Your online profile is stuck in a loop that may lock you out. I can guide you through the recovery screen. Innocent: What company are you calling from? Suspect: The provider name will appear once you open the secure page. Please install the small support tool shown there. Innocent: I am not installing anything. Suspect: Without it, I cannot remove the duplicate session before the lock takes effect.",1
"[Greetings], this is [Company] Hotel. We are delighted to confirm your deluxe room reservation from [Date] to [Date]. Do let us know if you have any special requests ahead of your stay.",0
Innocent: Hello? Suspect: A venue credit under your name expires this evening. Innocent: I do not know about any credit. Suspect: It was issued after a canceled event. I can send it to your card if you confirm the full number. Innocent: Apply it to the original purchase. Suspect: The original payment token is no longer active.,1
"[Greetings], this is [Name] from [Company] Pharmacy. Your prescription refill is ready for pickup. Would you like to stop by today or should we hold it for you until a later time?",0
"[Greetings], this is [Name]. I heard your [Title] presentation went great—congrats! Want to celebrate with a movie night this weekend?",0
"Innocent: Hello? Suspect: This is a final notice about your vehicle's registered coverage file. Records indicate the protection window has lapsed and the file archives today. Innocent: Coverage through who? Suspect: Through the national program your dealer enrolled you in at purchase, sir. Once archived, reinstatement is impossible and all repair costs are out of pocket. I can reinstate you now with a small activation payment and lock your rate for life. Innocent: I think my car's covered through my insurer. Suspect: This is the separate mechanical file. I have your paperwork here and the archive runs in twenty minutes.",1
Innocent: Hello. Suspect: Your electronic toll device was copied and is being used on another vehicle. Innocent: How do you know that? Suspect: The travel pattern triggered a review. I can deactivate the duplicate after confirming your account PIN and the security code sent now. Innocent: I will log into the website. Suspect: A login from your side may release the pending trips before the duplicate is removed.,1
"Innocent: Hello. Suspect: I am calling about a professional certification renewal under your name. Innocent: Which certification? Suspect: I can disclose the program after verifying your date of birth. Innocent: I will check my records. Suspect: The renewal deadline is today, and a lapse may appear on your employer's verification report.",1
Innocent: Hello. Suspect: A resident-services account was created with your phone number. Innocent: What service? Suspect: The category is hidden until identity verification. Please provide your date of birth and current address. Innocent: I will contact the city. Suspect: The account becomes active tonight and may begin issuing charges under your name.,1
"[Greetings], this is [Name]. Still good for our walk tomorrow evening? Let us confirm a time—I could use the fresh air and some company.",0
"[Greetings], this is [Company] Bakeshop. We are now taking orders for customized cakes. Let us know your preferred flavour, theme, and the date of your celebration—we will oversee the rest!",0
"[Greetings], this is [Company] Landscaping Services. Your garden maintenance visit is confirmed for [Date]. Our team will arrive between 8:00 AM and 10:00 AM. Please ensure access to the yard.",0
"[Greetings], this is [Name] from [Company] University Advising. We are holding a session this [Date] focused on digital safety and financial literacy. To register officially, you may visit the advising center at [Location] and sign up with your student ID.",0
"Innocent: Hello? Suspect: Hi, this is Monica from Riverside Electric billing. Your autopay didn't go through this month, it looks like the card on file expired. Innocent: Oh, I did get a new card and forgot to update it. Suspect: Happens all the time. Just so you know, I can't take card details on an outbound call, we're not allowed. You can update it in the app, on our website, or at any office. Innocent: Any late fee or shutoff risk? Suspect: No shutoff, nowhere near it, and I've waived the late fee since you've been on autopay for years. You have until the twenty-fifth. Innocent: Thanks, I'll update it tonight.",0
"[Greetings], this is [Name] from [Company] Energy Services. We received your inquiry about your latest electricity bill. Could you provide your account number so we can pull up your details and assist further?",0
"[Greetings], this is [Name] from [Company] Housing Support Center. If you believe you qualify for the updated rental subsidy scheme, you may apply in person. Please visit your district support office and bring proof of tenancy and income documents.",0
Innocent: Who is this? Suspect: I am with family-services billing. A subsidy adjustment created a balance due today. Innocent: I do not receive a subsidy. Suspect: Then your information may be on the wrong household file. A small payment will stop the account from being referred while we correct it. Innocent: I will not pay an unknown balance. Suspect: Referrals are automatic after the deadline.,1
"[Greetings], this is [Name]. [Company]’s new electric bike is finally in stores. It looks sleek and eco-friendly. Want to check it out this weekend?",0
"[Greetings], this is [Company] Bank. We are reaching out to verify a recent online transaction of [Money]. Did you authorize this payment? If not, we can temporarily block your card and investigate further.",0
"Innocent: Hello? Suspect: Good morning, this is Priya from Horizon Wireless customer retention. I see your promotional rate ended last month and your bill went up by thirty dollars. I'm calling because you qualify to move to a current plan that would actually be five dollars less than what you were paying before. Innocent: What's the catch, a new contract? Suspect: It's a twelve month term, that's the only condition, same data, same lines. Innocent: Can I think about it? Suspect: Absolutely, the offer's attached to your account, not this call. It's there for the next sixty days, you can accept it in the app, online, or by calling us whenever you're ready. Innocent: Okay, I'll look in the app tonight. Suspect: Perfect, it's under offers and promotions. Have a great day.",0
"[Greetings], this is [Name] from [Company] Technology Solutions. I am  following up on your recent inquiry about our software services. Do you have further questions or need a live demo?",0
"[Greetings], this is [Name] from [Company] Publishing Circle. We are hosting a live writing prompt session next week. It is free and online. Want to write with us for fun?",0
"Innocent: Hello? Suspect: Hi, this is subscription services. Your premium plan auto-renews tomorrow for four hundred and twenty dollars. Innocent: I don't remember any premium plan. Suspect: It came bundled with a purchase last year, it happens often, ma'am. I can cancel it so nothing is charged, I just need to confirm the card on file. Read me the number you'd like protected from the charge. Innocent: My full card number to cancel a charge? Suspect: Only to locate the account. If we don't match the card tonight, the renewal processes at midnight and it's nonrefundable after.",1
"Innocent: Hi. Suspect: I am calling about an account opened using your email address on our trading platform. Innocent: I did not open one. Suspect: Then the safest step is to close it before any transactions settle. To identify the funding source, tell me which bank you use and your approximate balance. Innocent: I will contact the platform through its website. Suspect: The website team cannot stop same-day withdrawals once they enter settlement.",1
"Innocent: Hello. Suspect: Your association account has an inactive payment profile, but a renewal is due today. Innocent: Which association? Suspect: I can name it after matching your mailing address. Innocent: I am not giving information first. Suspect: Then the renewal may process against the outdated account and create a returned-payment fee.",1
"Innocent: Hello? Suspect: I am calling about a schedule change on a trip booked under your name. The replacement itinerary needs confirmation within the hour. Innocent: I do not have a trip coming up. Suspect: Then the booking may have been made using your profile. I can cancel it after you verify your date of birth and payment card. Innocent: I will check the airline site. Suspect: The reservation is hidden while under review, so it may not appear there yet.",1
"[Greetings], this is [Company] Appliance Services. Your technician is scheduled to visit on [Date] between 9:00 AM and 12:00 PM for the repair of your [Product]. If you need to reschedule, just give us a call.",0
"[Greetings], this is [Name] from [Company] Bank. We have  noticed some irregular activity on your account. Could you confirm the recent transactions for us to ensure everything is secure?",0
"[Greetings], this is Dr. [Name]’s office calling to confirm your scheduled surgery appointment for [Date] at [Time]. Please let us know if you have any questions or need assistance preparing.",0
"Innocent: Hello. Suspect: We are trying to stop a duplicate payment card from being activated. The request is still in a pending state. Innocent: Which company are you with? Suspect: The issuer name will appear in the message I am sending now. Please tell me the code in that message. Innocent: The message says not to share it. Suspect: That warning is for unsolicited callers; I am the person handling the cancellation. If we disconnect, the duplicate may become usable.",1
"[Greetings], this is [Company] Alumni Relations. We are organizing a virtual reunion for the class of [Year]. Would you like to participate and reconnect with [Name] and other classmates?",0
"Innocent: Hello? Suspect: Hi, this is the payments team at your utility. Great news, an audit found you overpaid for over a year, there's a credit of two hundred and sixty dollars owed back to you. Innocent: Well, that's a nice surprise. Suspect: To push the credit to your card instantly rather than waiting eight weeks for a check, I'll process it as a card reversal. I need the card number, expiry, and the three digits on the back. Innocent: Wait, you need my security code to send me money? Suspect: For an inbound credit, yes ma'am, the code authorizes the card to receive funds. It's the same technology stores use for returns. Without it, you're in the eight week queue and honestly, checks get lost constantly.",1
"[Greetings], It is [Name]. I am  throwing a surprise birthday party for [Name] on [Date], and We are hoping to get all the old crew back together. Can I count you in to help out with the planning or just to show up?",0
"[Greetings], this is [Name]. I just finished a puzzle you would have enjoyed—it had a map of [Location] on it. Let us find a new one and do a puzzle challenge call this weekend.",0
"Innocent: Hello. Suspect: Good morning. This concerns a filing discrepancy from a prior year. An amount of one thousand five hundred and twenty dollars shows as owed and your file moved to the action list this week. Innocent: I've never been told I owe. Suspect: These notices go by mail, sir, whether they're read isn't our responsibility. You're on the action list now. It settles today by direct transfer, after which I issue a release number that protects you. Innocent: My accountant handles my filings. Suspect: You can involve anyone after the release number issues. Before that, delay is treated as refusal, and refusal changes what happens next. I'll wait while you get your banking details.",1
Innocent: Hello. Suspect: I am calling about a document added to the property file for your address. Innocent: What document? Suspect: I can explain after confirming the owner's date of birth and the final four digits of the loan account. Innocent: I will contact my lender. Suspect: The document may be recorded before the lender's service team sees it.,1
"[Greetings], this is [Name]. I attended an online seminar on cybersecurity hosted by [Company], and it was very insightful. I took notes and can share them if you are interested. Let me know if you want a copy.",0
"[Greetings], this is [Name] from [Company] General Insurance. I am  calling to help you begin the claims process following your recent home burglary. Let us go over What is covered and What is needed for submission.",0
"Innocent: Hello? Suspect: Hi, this is the security desk at Birchwood Credit Union. Someone requested a new checkbook on your account online last night, and we're confirming it was you before we mail anything. Innocent: I didn't order checks. Suspect: Then we'll cancel that request, no checks will be sent. Your account is otherwise normal. Innocent: Should I be worried? Suspect: We've flagged it and we're monitoring. As a precaution you might change your online password through our app, but we'll never send you a link or ask for the password on a call. If anyone does, it isn't us. Innocent: Good to know, I'll update it myself. Suspect: Perfect, that's the safe way.",0
"Innocent: Hello. Suspect: Good morning, this is Angela from Dr. Nguyen's office. Before I share anything I have to verify I'm speaking with the right person, can you confirm your date of birth? Innocent: Why do you need that? Suspect: Privacy rules, we can't discuss health information until we verify identity. If you'd rather, call us back at the office number on your appointment card and ask for me. Innocent: No, it's fine, June fourth, seventy-nine. Suspect: Thank you. Your lab results came back and the doctor wants a short follow-up, nothing concerning, just to review your levels. Does Thursday at three work? Innocent: Thursday's good. Suspect: Great, we'll see you then.",0
"Innocent: Hello. Suspect: Good afternoon, I'm calling from the home warranty claims desk about the repair request on your heating system. Innocent: I did file a claim last week. Suspect: To dispatch the technician, there's a service call deposit of ninety-five dollars, refunded if the repair is covered, which yours appears to be. Innocent: My warranty says no upfront cost for covered claims. Suspect: The deposit holds the technician's slot and is returned at completion, sir, it's not a charge for the repair itself. Without it the claim sits unscheduled and the system closes it after seventy-two hours as abandoned. I can take the deposit now and book you for tomorrow.",1
Innocent: Hi. Suspect: Your professional registration is marked incomplete because the payment method could not be verified. Innocent: I do not hold a professional registration. Suspect: Then someone may have filed one using your identity. I need your identification number to remove it. Innocent: I will contact the registry. Suspect: The registration may be approved before they answer.,1
Innocent: Hello. Suspect: Your address has an unpaid energy-audit fee. Innocent: No audit was performed. Suspect: Then I can dispute it if you confirm the property details and make a temporary filing payment. Innocent: I am not paying to dispute it. Suspect: The payment is returned when the audit record is corrected.,1
"Innocent: Hello. Suspect: You were listed as an attendee for a private training paid by your company. Innocent: I know nothing about it. Suspect: I can remove you, but the cancellation requires a card for the refundable attendance hold. Innocent: My company should handle it. Suspect: The booking lists you as personally responsible for nonattendance.",1
"[Greetings], this is [Company] Bank Support. You experienced a problem using online banking. Could you confirm your username and briefly describe the issue you are facing?",0
"Innocent: Hello. Suspect: I am calling on behalf of a local family displaced overnight. A neighbor listed you as someone who might help. Innocent: Which neighbor? Suspect: The referral sheet shows only a first initial. We are collecting small emergency contributions before the shelter closes intake. Innocent: Send me the organization's details. Suspect: We can send a receipt after payment, but the immediate need is for lodging tonight.",1
"Innocent: Hello? Suspect: Hi, this is the account desk for your music streaming service. A family plan you're the manager of was billed twice this cycle by a system error, and we're refunding the extra charge. Innocent: I didn't notice a double charge. Suspect: They post as pending, easy to miss. You're owed forty dollars. To return it, open the app and read me the verification code I'm sending so the refund links to your account. Innocent: The app says never to share that code. Suspect: With scammers, yes, but the refund system needs it to confirm your identity, sir. If the code expires the refund cancels and you'd have to dispute the charge manually, which takes weeks. Read it and I'll return your money now.",1
Innocent: Hi. Suspect: A supplier changed its payment instructions and needs verbal confirmation from you. Innocent: Which supplier? Suspect: I can name it after matching your employee ID. Innocent: I will ask our finance team. Suspect: The shipment is on hold until the new account is confirmed.,1
"Innocent: Hello? Suspect: Hi, I'm calling from the immigration document services line about a filing associated with your name. There's an inconsistency that needs resolving today. Innocent: I don't have anything pending. Suspect: The inconsistency is exactly why it may be unfamiliar, ma'am. If it isn't cleared, related records are suspended and future applications are affected. To clear it, confirm your full name, date of birth, and the reference on your documents. Innocent: This sounds like a scam. Suspect: I understand the caution, but declining to verify is logged and the suspension proceeds automatically. I'm giving you the chance to resolve it before that happens.",1
"Innocent: Hello. Suspect: Good afternoon, my name is Ellen and I'm calling from Riverbend Hospital's billing department regarding the balance from your visit in May. Innocent: Oh, right. I've been meaning to deal with that, it's been a tight month. Suspect: That's exactly why I'm calling, actually. You may qualify for our financial assistance program, or we can set up an interest-free payment plan as low as twenty-five dollars a month. There's no penalty for the plan and no fee to apply. Innocent: That would honestly help a lot. Suspect: I'll mail you the assistance application today, and nothing goes to collections while your application is under review. You can also verify this balance anytime through the patient portal. Innocent: Thank you, that takes a weight off.",0
"[Greetings], this is [Company] Pet Store. Our annual adoption event is on [Date], and We are looking for volunteers and adopters alike. Would you like to help out or find a furry companion?",0
"[Greetings], this is [Company] Games. We are setting up a live-action escape room in a real historical mansion—can you and your team solve the puzzles before time runs out?",0
"[Greetings], this is [Name] from [Company] University Services. We are reviewing feedback from student committees. Would you be willing to share your thoughts in a short session next week?",0
"Innocent: Hello? Suspect: Your employee profile is missing a tax-location confirmation. Innocent: My employer knows where I work. Suspect: A remote-work update created the mismatch. Confirm your home address, date of birth, and bank account ending. Innocent: I will use the HR portal. Suspect: The profile locks before the next payroll if the mismatch remains.",1
"Innocent: Hello? Suspect: Good morning, calling about your status file. A review placed it in the at-risk category and today is the deadline to respond. Innocent: My status file? Suspect: It means if the administrative fee attached to the review isn't cleared today, your documents enter suspension and renewals become impossible. Innocent: Which department are you with? Suspect: Central processing. The department name isn't what resolves your file, the payment deadline is, and it's in three hours. Is there a money transfer service near you?",1
"[Greetings], this is [Company] Cinema. Just a reminder—your ticket reservation for “[Product]” on [Date] at 7:30 PM is confirmed. Arrive 15 minutes early to enjoy our pre-show offers.",0
"[Greetings], this is [Name]. I remember you mentioned wanting to learn a new language. I found a great beginner course starting next week at [Company] Learning Center. Want to join me?",0
"Innocent: Hello? Suspect: Hi, you recently filed a complaint about unwanted calls, correct? Innocent: Yes, actually, I did, a few weeks ago. Suspect: That's why I'm calling. Your complaint was processed, the company was fined, and complainants are entitled to a share of the penalty. Yours comes to five hundred and forty dollars. Innocent: Really? I had no idea that was a thing. Suspect: Most people don't claim it, which is a shame. Now, the disbursement goes out as a direct deposit. I need your bank name, routing number, and account number, and it posts within three days. Innocent: Hmm, how do I know this is connected to my complaint? Suspect: I just told you the exact thing you filed about, didn't I? Nobody else would know that. Routing number first, whenever you're ready.",1
"Innocent: Hello? Suspect: I am calling from the regional dispatch desk. A parcel under your phone number is being held because the delivery address is incomplete. Innocent: Who sent it? Suspect: The sender information is inside the sealed manifest. I can release it after a small address-validation payment. Innocent: I am not paying for an unknown parcel. Suspect: The hold expires this afternoon, and then storage charges begin under your name.",1
"Innocent: Hello. Suspect: Good morning, this is Monica from Evergreen Utilities billing. Your autopay failed this month, the card on file looks expired. Innocent: Right, I got a new card and forgot to update it. Suspect: It happens constantly. Just so you know, I can't take card numbers on an outbound call, we're not permitted. Update it in the app, on the website, or at any office location. Innocent: Late fee? Shutoff risk? Suspect: No shutoff, nowhere close, and I've waived the late fee since you've been on autopay for years. You've got until the twentieth, no rush. Innocent: That's a relief, I'll do it tonight.",0
"Innocent: This is Kevin. Suspect: Kevin, your hotel loyalty profile was used to guarantee a room tonight. Innocent: I did not book a room. Suspect: I can release the guarantee if you confirm the card expiration date and billing ZIP code. Innocent: I will contact the hotel chain. Suspect: The no-show charge posts at local midnight.",1
"Innocent: This is Laura. Suspect: Laura, your continuing-education credits were transferred to another profile. Innocent: I did not request a transfer. Suspect: I can reverse it if you confirm your license number and the code we send. Innocent: I will contact the licensing body. Suspect: The credits post to the other profile tonight.",1
"[Greetings], this is [Name] from [Company] Travel Agency. You requested information about our vacation packages. Could you share your preferred travel dates and destinations?",0
"[Greetings], this is [Title][Name] from the police department. You reported witnessing a minor road accident. Could you provide more details such as the time, place, and any involved vehicles or individuals?",0
"[Greetings], this is [Name] from [Company] Fitness Centre. Just a reminder that your personal training session is scheduled for [Date] at [Time]. Let us know if you need to reschedule or have questions about your plan.",0
"Innocent: Hello? Suspect: Hi, this is the fraud line for your rewards credit card. Someone tried to redeem your entire points balance for cash and route it to an external account. Innocent: I didn't do that. Suspect: We blocked it, but they clearly have access. To secure your points and account, log into your card portal while I stay on the line and read me the confirmation code as it arrives so I can verify the lockout took hold. Innocent: The code says never to share it. Suspect: With scammers, yes, ma'am, but I'm the fraud desk that just stopped your points from being stolen. Without the code I can't confirm the lockout, and they'll try again the second we disconnect.",1
"Innocent: Hi. Suspect: Your wellness allowance is about to expire, and a reimbursement is waiting. Innocent: I did not submit a reimbursement. Suspect: It may have been created from a recent purchase. I can release it if you provide the account where you want the funds. Innocent: I do not want it. Suspect: The open reimbursement may prevent future claims until it is resolved.",1
"[Greetings], this is [Name]. I just watched a documentary on environmental tech, and it reminded me of our college debates. You would have loved the section on [Product] solutions. Want to catch up and chat about it?",0
"Innocent: Hello? Suspect: Hi, it's the billing recovery unit for your streaming and media services. We show four failed payment attempts this month, and your bundled services are set for suspension tonight at midnight. Innocent: That's strange, my payments always go through. Suspect: The failure is on the processor side, it's affecting many customers, which is why we're calling rather than emailing. To keep your services active, we're taking payments through our backup processor. It can't accept regular card entries, so we use bank transfer or payment app only. Innocent: Why wouldn't a backup processor take cards? Suspect: Card networks are the part that failed, sir. Look, I have four hundred customers on my list tonight. Do you want to keep your services or not?",1
"[Greetings], this is [Name]. I heard there is a food festival happening at [Location] this Saturday. You love trying new cuisines, so I thought of inviting you. Let me know if you are free to join.",0
"[Greetings], this is [Name]. Have you evaluated the new [Product] language learning app powered by AI? It adapts to your pace and gives feedback instantly. Let us try doing a practice session this weekend.",0
"Innocent: This is Robert. Suspect: Robert, an advisor change was submitted on your investment profile. Innocent: I did not change advisors. Suspect: I can reject it if you confirm your account number and date of birth. Innocent: Give me your firm name. Suspect: The firm is displayed after the profile is matched due to privacy rules.",1
"Innocent: Hello. Suspect: Good morning, this is the alumni giving office, but I'm calling with good news rather than an ask for once. Innocent: Oh, what's that? Suspect: A donor established a fund for graduates in your program, and you've been selected for a distribution of two hundred and fifty dollars. To send it I confirm your identity against our records and the account for the transfer, plus a small processing payment of thirty dollars returned with the distribution. Innocent: A gift that costs me thirty dollars? Suspect: The processing payment verifies you and unlocks the distribution from the fund, ma'am. It comes right back. If we can't complete it this week, the distribution passes to the next graduate on the list.",1
Innocent: Who is this? Suspect: I am from the local registration desk. A household member was added to your recreation account. Innocent: I did not add anyone. Suspect: I can remove them if you read the code sent to your phone. Innocent: The message says it is for changing my password. Suspect: The password reset is required to remove the unauthorized member.,1
"Innocent: Who is calling? Suspect: This is the lease processing desk. A move-out request was submitted using your contact number. Innocent: I never submitted one. Suspect: I can withdraw it if you verify the security deposit account. I need the bank name and final four digits. Innocent: I will call the leasing office. Suspect: Once the request is approved, the unit may be offered to someone else.",1
"[Greetings], this is [Company] Fitness Centre. We are launching a brand-new class—“[Product]”—on [Date], and you are invited for a free trial. Ready to move and groove with us?",0
"[Greetings], this is [Name]. I joined a weekend photography group that explores [Location] every month. It is very casual and a lot of fun. Would you like to come along next time?",0
"Innocent: Hello? Suspect: Good afternoon. I'm calling in reference to a delivery that's been sitting at our processing facility for three days. There's an outstanding handling charge that has to be settled before we can release it. Innocent: I'm not expecting any package. Suspect: It's addressed to you, ma'am, and it was shipped from overseas, which is why the extra charge applies. It's only four dollars and twenty cents, but if it's not paid tonight the item gets returned and you'd be liable for the return freight, which is considerably more. I can take a card right now and have it out for delivery tomorrow.",1
"Innocent: Hello? Suspect: I am calling about a response form that was not received by the deadline. Innocent: What response form? Suspect: The matter is confidential until identity verification. Confirm your date of birth and current address. Innocent: Send it again. Suspect: A second mailing is no longer available, but a same-day compliance payment can close the entry.",1
"Innocent: Hello. Suspect: Hi, this is Denise calling from Harmony Travel Rewards, you booked your Cancun package through us in the spring. Our records show you have a two hundred dollar credit from the hotel downgrade you experienced. Innocent: Oh yes, they moved us to a smaller room. That was annoying. Suspect: We're sorry about that. The credit can go back to your original payment method automatically, no information needed from you, or stay as a voucher worth two hundred and fifty toward a future booking. Innocent: The refund to my card, do you need my card number? Suspect: No, it goes back to whatever card you paid with, we never need you to read it out. You'll see it within five business days, and a confirmation email is going out this afternoon.",0
"[Greetings], this is [Name]. I saw a notice regarding delays in the latest stimulus payments. To avoid confusion or misinformation, it is best to visit your bank's nearest branch to confirm your disbursement status. Bring your account details and any official communication received.",0
"Suspect: Good afternoon, this is the account review team. Do you have a moment to resolve the restriction on your profile? Innocent: There's a restriction on my account? Suspect: As of this morning. A payment linked to your profile was disputed as unauthorized by a third party, and until you're cleared, everything linked to your identity is limited. Innocent: I haven't disputed anything, and no one's told me about this. Suspect: The third party disputed it, not you, that's the issue, someone claims you took their money. I believe it's mistaken identity, and clearing it takes ten minutes. I'll verify you first, then walk you through a counter-declaration. What's the best card and account to list as your primary financial anchors on the declaration? Innocent: You need my card number for a declaration? Suspect: The anchors prove the disputed payment didn't originate from your instruments, ma'am. It's how we clear innocent people. The restriction hardens after forty-eight hours, so let's not delay.",1
"[Greetings], this is [Name] from [Company] Dental Clinic. This is a reminder of your upcoming dental check-up on [Date] at [Time]. Would you like to confirm or reschedule your appointment?",0
"Innocent: Hello? Suspect: Yes, I'm calling from the office of records. There's a discrepancy on your file that came up during a routine audit, and it has your profile locked. Innocent: What kind of discrepancy? Suspect: Two addresses were used under your name in a state you may never have lived in. It suggests someone may be operating as you. We can clear you as a victim rather than a suspect, but the clearance interview has to happen now, on this call. Innocent: A suspect? I haven't done anything. Suspect: I believe you, and that's why I need your full cooperation. First, confirm your legal name, date of birth, and the primary account you use for your finances so we can mark them protected.",1
"Innocent: Hello? Suspect: Hi, this is the account desk for your cloud photo storage. Your plan is over its limit and photos will begin deleting oldest-first tonight unless the account is verified and upgraded. Innocent: I don't want to lose my photos. Suspect: Understood, and I can stop the deletion. I'll send a verification code to your phone, read it back, and I'll pause the deletion while we sort the plan. Innocent: The code says not to share it with anyone. Suspect: That's a generic warning, ma'am, and the deletion process reuses that code system. Without confirming, the deletion runs at midnight and old photos go first. Read it to me and your memories are safe.",1
"[Greetings], this is [Name]. [Company] added new privacy tools to their cloud storage service. You can now encrypt files before upload. Should we go over how to set it up?",0
"Suspect: Hi, am I speaking with the head of the household? Innocent: Who's calling? Suspect: This is a private advisory group. We're opening a handful of spots for local residents in a protected fixed-return program, eleven percent a year, principal secured. Innocent: That sounds too good. Suspect: Healthy skepticism, I respect it. But enrollment closes Friday and today's members were skeptics once too. You can begin with five hundred. I'll set up the account now, I just need your bank routing details. Innocent: I'd want to look into this. Suspect: The spots vanish by then. The people who wait are the ones calling me next year asking why they missed it.",1
"Innocent: Hello? Suspect: Your shipment has reached the local depot with an unpaid handling balance of four dollars and eighty cents. Innocent: What shipment? Suspect: I cannot open the customer record until the balance screen is cleared. I can take the payment now and read you the tracking number afterward. Innocent: That makes no sense. Suspect: It is automated policy. If you decline, the item is returned tonight and the sender may charge the full amount.",1
"[Greetings], this is [Company] Events Team. We are hosting a local community clean-up this weekend. Would you be open to volunteering or helping us spread the word?",0
"[Greetings], this is [Name] from [Company] Academy. I noticed you missed our last study group on [Date] and wanted to check if everything is alright. We will review some important concepts next session. Would you like me to share the materials from last week?",0
"[Greetings], this is [Name]. We are doing a virtual jam session this [Date], and we would love to have your voice in the mix. Even if you just listen in, it will be fun. Can I send you the link?",0
Innocent: Hi. Suspect: A catering order for tomorrow lists you as the billing contact. Innocent: I did not order catering. Suspect: I can remove your name after verifying the billing address and payment card. Innocent: Who placed the order? Suspect: The organizer's information is hidden until the billing contact is confirmed.,1
"Innocent: Hello. Suspect: Good afternoon, this is the appliance delivery coordination line. Your order is out for delivery but the driver flagged an address verification failure. Innocent: I am expecting a delivery, yes. Suspect: To release it from the truck, I re-verify the order by confirming the card used and the billing zip. Read me the card number and I'll clear the driver to proceed. Innocent: The delivery company shouldn't need my card. Suspect: The verification prevents porch theft of high-value items, sir. Without it the driver returns the item and redelivery costs a restocking fee. The truck is nearby now, so let's verify quickly and get it to your door.",1
Innocent: Hello. Suspect: I am with guest services. A damage charge was submitted after an event attended under your name. Innocent: I was not at an event. Suspect: Then we should dispute the guest record now. Confirm your date of birth and card expiration date. Innocent: Send written proof. Suspect: The charge posts before written records are generated.,1
"Innocent: Hello. Suspect: Good afternoon, I'm calling from the airline's compensation department. Your delayed flight last month qualifies you for a cash payout under passenger rules. Innocent: It was delayed, yes, badly. Suspect: You're owed two hundred and twenty dollars. To pay it out I confirm the card you booked with so the refund routes correctly. Read me the number. Innocent: Can't you refund the card automatically? Suspect: The compensation system is separate from booking, sir, so I need you to provide the card for the payout. If we can't confirm it today, the claim closes and reopening it requires a formal complaint that can take months. Two minutes now and it's yours.",1
"Innocent: Hello. Suspect: Your property was reported for an exterior compliance issue. Innocent: What issue? Suspect: I can read the report after verifying the owner name and date of birth. Innocent: Send a letter. Suspect: A letter is already scheduled, but the fine increases when it is printed. A small payment today keeps the matter informal.",1
"Innocent: Hello. Suspect: Good morning, I'm calling from the property tax adjustment office. A reassessment found you overpaid and you're owed a refund on the difference. Innocent: An overpayment? Suspect: Two hundred and forty dollars from the last cycle, ma'am. To issue it we confirm the account for direct deposit, since we no longer mail refund checks. Read me the routing and account number. Innocent: Wouldn't this come through the county? Suspect: This is the adjustment office that partners with the county for refunds. If the account isn't confirmed by end of day, the credit rolls to next year and reclaiming it requires a formal petition. The quick way is right now.",1
"[Greetings], this is [Company] Music Academy. Just a reminder—your piano lesson is scheduled for [Date] at 5:30 PM with [Title][Name]. Please arrive 10 minutes early for warm-up.",0
"Innocent: Hello? Suspect: We have a pickup order for several items from your residence. Innocent: I did not arrange a pickup. Suspect: Then I need to cancel the access authorization. Please confirm your address and read the code sent to the booking phone. Innocent: I am not sharing a code. Suspect: Without cancellation, the crew will arrive during the selected window.",1
"[Greetings], this is [Name]. I am helping organize a charity walk at [Location] on [Date] for a local cause. It would mean a lot to have you join us. Let me know if you are interested.",0
"Innocent: Hello. Suspect: Hi, we're finalizing the setup you started on our platform last night, I just need to verify the phone number. A text is on its way to you with a number code. Innocent: I didn't start any setup last night. Suspect: It may have been through one of our partner sites, they share the enrollment system. Either way, an unverified profile with your number stays open unless we close it or confirm it, and open profiles are how people get impersonated. The fastest fix is to read me the code that just arrived, and I'll close it out. Innocent: This text says it's a login code and to not share it. Suspect: Right, that's the closure code, the wording is generic. Read it out and you're done, ten seconds.",1
"[Greetings], this is [Name]. I just joined a digital art class at [Company] Creative Studio. You always loved drawing, so I thought you might enjoy it too. Want to come with me next week?",0
"[Greetings], this is [Name]. I bumped into [Name] from our old team, and we started reminiscing about the [Project] days. We were thinking of planning a mini reunion—are you in?",0
"Innocent: Hello? Suspect: I am calling from account safety about a profile using your photos and phone number. Innocent: Which platform? Suspect: I can disclose it after confirming your email and date of birth. Innocent: Send me a report. Suspect: Reports are only sent after the identity match, and the profile is active now.",1
"[Greetings], this is [Company] Music Studios. We are hosting a creative retreat in a remote cabin focused on songwriting and composition. Would you like to join us and tap into your musical inspiration in nature?",0
Innocent: Hello? Suspect: I am calling about a benefit order placed under your health profile. Innocent: What order? Suspect: I can describe it after confirming your date of birth and member number. Innocent: I will call my plan. Suspect: The order is scheduled to ship today and may be billed before they can stop it.,1
"Innocent: Hi. Suspect: This is Daniel with the verification unit. Your profile was selected for a manual check because two recent changes do not match your usual activity. Innocent: Which profile are you talking about? Suspect: The one connected to this number. For privacy, I need you to confirm the month and year of birth first, then I can explain. Innocent: Can I call back through the official number? Suspect: You can, but the pending change will not remain paused once this call ends, so it is better to clear it now.",1
"Innocent: Hello. Suspect: Hi, security team calling. We've flagged three login attempts on your account from an unrecognized device overnight. Before anything else, I need to run a test transaction to confirm your access is still working. Innocent: What kind of test? Suspect: You'll send one dollar to a verification account I provide. If it goes through, your access is intact and we lock the intruder out. If it fails, we know they've already changed your credentials. Innocent: Sending money seems like a strange test. Suspect: It's one dollar, ma'am, and it's refunded instantly. The alternative is waiting to find out whether they've drained the account. Open your app and I'll read you the verification account details.",1
Innocent: Hello. Suspect: Your childcare account was updated with a new pickup person. Innocent: I did not make that change. Suspect: I can remove the person if you read the verification code sent to your phone. Innocent: I will call the center. Suspect: The pickup authorization may be used before they answer.,1
"Innocent: Hello. Suspect: Good afternoon, this is the compliance line. A discrepancy tied to your profile has moved into active status and requires resolution today. Innocent: What kind of discrepancy? Suspect: Two identifiers under your name were used in a location inconsistent with your records. Until it's resolved, related services are held. Innocent: You keep saying resolve. Resolve how? Suspect: I'll verify you, then apply a protective clearance. Start by confirming your full name, date of birth, and the primary account you use, so I can flag them as secured before anyone else acts on the file. Innocent: This feels off. Suspect: Refusing to verify is logged as non-cooperation, which limits what I can do for you. The choice is yours, but the window is not open long.",1
"[Greetings], this is [Name]. We are having a small barbecue this [Date] at [Time] with a few close friends. Nothing fancy, just good food, and fun vibes. Would love for you to come by and bring something if you would like.",0
Innocent: Hi. Suspect: Your online storage account has exceeded its retention limit and files are queued for deletion. Innocent: Which storage account? Suspect: The provider name appears after verification. Confirm the card used for the subscription so I can extend the hold. Innocent: I will check my accounts. Suspect: The deletion process is already running and may finish before you locate it.,1
"[Greetings], this is [Company] Dental Care. We are reminding you that your routine dental cleaning is due. Would you like to book an appointment with [Title][Name] sometime next week? Evening slots are available.",0
"[Greetings], It is [Name]. I am  organizing a virtual movie night for this [Date], and We are planning to stream something light and fun. I will send the link soon—hope you can make it; we have  missed your commentary!",0
"Innocent: Hello. Suspect: Hi, your profile was flagged in our review of unclaimed balances. You have eight hundred and ten dollars with us. Innocent: From what? Suspect: An old account closure, never disbursed. To release it, our processor needs a match deposit for identity confirmation. You send a fully refundable ninety dollar verification payment, and the moment it clears, the eight-ten plus your ninety comes back as one transfer. Innocent: Send money to receive money? Suspect: It's a security standard, ma'am, like a bank micro-deposit, just reversed. Most people finish within the hour.",1
"Innocent: Hi. Suspect: A gate-access credential was issued under your address this morning. Innocent: I did not request one. Suspect: I can deactivate it if you confirm your resident PIN and the code sent by text. Innocent: That code is for the resident portal. Suspect: Correct, the portal must be opened to remove the credential before it is collected.",1
"[Greetings], this is [Name]. I tried an AI-powered cooking assistant that helps with step-by-step guidance. It even adjusts the heat suggestions in real time. Want to try cooking something new together?",0
"[Greetings], this is [Name]. I am part of the local neighborhood council, and we are hosting a town hall at [Location] this [Date]. It would be great to have your voice in the discussion. Shall I save you a seat?",0
"[Greetings], this is [Name] from [Company] Life Insurance. I am  calling to check that your policy still meets your family’s financial needs. Can we arrange a quick review this week?",0
"[Greetings], this is [Name]. I finally tried using that AI writing tool from [Company] you mentioned. It is surprisingly good for brainstorming ideas. Want to compare how we are using it?",0
"[Greetings], this is [Name] from [Company] OrthoCare. We are reminding you of your orthopedic consultation scheduled for [Day] at [Time]. Please bring any medical records or scans for review.",0
"Innocent: Hello? Suspect: Hi, this is the security operations line at Grandview Credit Union. We detected a login to your online banking from a new device late last night and wanted to make sure it was you. Innocent: A new device? I did get a new phone this weekend, actually. Suspect: That would explain it, a new phone registers as an unrecognized device. As long as that was you, there's nothing to do. We never ask for your password or codes on a call like this, so if anyone ever does, hang up. Innocent: Good to know. So my account's fine? Suspect: Everything looks normal. You can double check your login history yourself under settings, security, devices whenever you like.",0
"Innocent: Hello. Suspect: Good afternoon, this is Marcus from the rewards desk at your airline. I'm calling because your companion voucher expires in three weeks and many members forget to use it. Innocent: Oh, I did forget about that. Suspect: It's easy to book, and there's nothing to pay me, you just apply it when you book a flight in the app under your rewards. If you'd rather, log in directly on our website to confirm the voucher is there. Innocent: Is there any catch or fee? Suspect: None, it's a benefit you already earned. I just didn't want you to lose it. You can use it anytime before the expiration date shown on your account.",0
"Innocent: Hello? Suspect: I am calling from marketplace support about a complaint filed against your seller profile. Innocent: I do not sell anything online. Suspect: Then someone may have opened a profile in your name. I can remove it if you confirm your email and the code we send. Innocent: I will go to the site directly. Suspect: The complaint is already escalating, and the profile may be reported under your identity.",1
Innocent: Hello. Suspect: I am calling because your home access code was changed remotely. Innocent: I did not change it. Suspect: I can restore the previous code if you confirm the current one. Innocent: You should not ask for my access code. Suspect: I need it only to distinguish your panel from another unit with the same address format.,1
"[Greetings], this is [Name]. I saw an opportunity to write for a tech blog based at [Company]. You write well and this could be a great side project. Want me to forward the link?",0
"[Greetings], this is [Name] from [Company] Medical Center. We are reaching out to remind you of your annual physical examination scheduled for [Date]. Let us know if you need help preparing or have any questions.",0
"[Greetings], this is [Name]. I was organizing my photos and came across some great ones from our last trip to [Location]. It brought back a lot of fun memories. I will send them to you and we can plan another trip soon.",0
Innocent: Hello? Suspect: Your license record shows a duplicate profile in another county. Innocent: I have not moved. Suspect: I can merge the records if you provide the final four digits of your identification number and the text code. Innocent: I will go to the office. Suspect: The duplicate may be issued before an in-person appointment is available.,1
"Innocent: Hello? Suspect: I am calling about a remote position that matches your profile. The hiring manager wants to move directly to onboarding. Innocent: I did not apply to your company. Suspect: Your profile was shared through a recruiting network. To reserve the role, complete the background form and pay the screening fee. Innocent: Employers do not usually charge applicants. Suspect: It is refunded in your first paycheck, but the onboarding slot closes today.",1
"Innocent: Hello. Suspect: Good morning, this is Sam from Northgate Property Management. We're moving rent payments from paper checks to an online portal next month, you should have gotten a letter with a code. Innocent: I got it but honestly wondered if it was a scam. Suspect: That's a smart instinct, truly. Don't take my word for it, call the office at the number on your lease and they'll confirm. The portal is only on our official website, and we'll never text you a payment link. Innocent: Okay, I'll call the lease office number to be sure. Suspect: Perfect, that's exactly right. This month you can still pay the old way while everyone transitions.",0
"[Greetings], this is [Name] from [Company] Utility Support. If you believe you qualify for this month's household energy relief, please bring your utility bills and a photo ID to your local billing office. Assistance is not processed over the phone.",0
"Innocent: Hello. Suspect: Good morning. This call concerns a filing discrepancy from a previous year. An amount of one thousand six hundred and forty dollars is showing as owed, and your file was moved to the action list this week. Innocent: I've never been told I owe anything. Suspect: These notices go out by mail, and whether or not they're read is not our responsibility, sir. You are on the action list now. The amount can be settled today by direct transfer, after which I'll issue a release number that protects you. Innocent: My accountant handles all my filings. I should call him. Suspect: You can involve whoever you like after the release number is issued. Before that, any delay is treated as refusal, and refusal changes what happens next. I'll stay on the line while you get your banking details.",1
"[Greetings], this is [Name] from [Company] Car Dealership. I am  reaching out to let you know about our new inventory, including the latest electric vehicles. Would you be interested in scheduling a test drive?",0
"Innocent: Hello. Suspect: Hi, this is account services. I'm sending a short numeric code to your phone right now. When it lands, read it back so I can confirm you're the true owner. Innocent: Why do you need the code? Suspect: Purely to prove you hold the phone on file, ma'am, it protects you. It should have arrived, go ahead and read it to me. Innocent: The text says don't share it with anyone. Suspect: That's meant for strangers, not for the team that sent it. Read it quickly, it expires shortly.",1
"[Greetings], this is [Name]. I wanted to confirm our catch-up call for [Date] at [Time]. It has been a while since we talked, and I would love to hear all about your recent adventures. Let me know if you would like to reschedule.",0
Innocent: Hi. Suspect: We are trying to resolve a failed security update on your device. Innocent: Who is we? Suspect: The support partner assigned through your service provider. Open your browser and enter the address I give you so I can check the update status. Innocent: I did not request support. Suspect: The request was generated automatically because the update did not complete.,1
"Innocent: Hello? Suspect: I am calling about the item you listed online. I tried to pay, but the platform says your seller account needs verification. Innocent: Which item? Suspect: The listing ending in 731. I sent a link that will release the payment once you confirm your card. Innocent: Payments do not require my card number. Suspect: It is only to verify where the funds should be deposited, and the transaction will expire soon.",1
"[Greetings], this is [Name]. I watched that documentary on [Product] you told me about. It was very eye-opening, and I would love to discuss it with you. Let us schedule a time to chat.",0
"[Greetings], this is [Name] from [Company] Courier Services. You called about the delivery time for your package. Please provide your tracking number so I can check the status and estimated arrival.",0
"Innocent: Hello. Suspect: Good afternoon, I'm with the membership desk for the wholesale club. Your account was selected for a loyalty upgrade, and you're owed a rebate from last year's spending. Innocent: A rebate? Suspect: One hundred and eighty dollars based on your purchases. To load it onto your account I confirm the card tied to your membership. Read me the number and I'll apply it today. Innocent: You should have my card if I'm a member. Suspect: The rebate system is walled off from membership for security, sir. Without the card match today, the rebate expires back to the club. It's your money, let's not leave it behind.",1
"Innocent: Hello. Suspect: Good afternoon, this is the account services line for your mortgage. We're updating payment routing and your next payment failed to migrate, showing as missed. Innocent: I pay automatically every month. Suspect: The routing migration dropped several autopays, and a missed mortgage payment reports quickly, sir. To prevent that, make this month through the new channel today. I'll give you the account for a direct transfer. Innocent: I'd want to confirm this with my lender directly. Suspect: We are the servicing partner, and the lender's lines are overwhelmed with the same migration issue. The missed-payment report posts at end of day. A quick transfer now avoids the whole problem.",1
"Innocent: Hello. Suspect: A name-change request was submitted against a record connected to your phone number. Innocent: I did not submit that. Suspect: I can reject it if you confirm your full legal name, date of birth, and current address. Innocent: Tell me which record first. Suspect: The record type is confidential until identity verification.",1
"[Greetings], this is [Company] Gym. We have  noticed you have not checked in recently. We are offering a 2-week fitness reactivation promo. Shall we reserve your spot in the next yoga class?",0
"Innocent: Hello? Suspect: Hi, this is the loyalty team for your grocery rewards. A large rewards balance is expiring at the end of the day and converting to cash for members who confirm. Innocent: I have a lot of points saved up. Suspect: Then let's not waste them. To convert to cash I confirm the card linked to your rewards and a code I'll text to verify it's you. Innocent: The card and a code both? Suspect: The card receives the cash, the code confirms your phone, ma'am, quick two-step. If you don't confirm before midnight the points expire worthless. Read me the card and the code and I'll convert the balance right now.",1
"[Greetings], this is [Name] from [Company] University Advisors. You had a few questions about our admissions requirements. Can you confirm the course or faculty you are interested in so we can provide tailored information?",0
"Innocent: Hello? Suspect: I am calling from the water service team assigned to your block. A pressure issue may be affecting your property. Innocent: I have not noticed anything. Suspect: It often appears first on the meter. I can send a technician, but the visit requires a card hold. Innocent: The city should contact me. Suspect: We are the subcontractor, and the free service window closes today.",1
"Innocent: Hello. Suspect: Hi there, I'm calling because your profile was flagged during our quarterly review of unclaimed balances. You have seven hundred and sixty dollars sitting with us. Innocent: From what? Suspect: An old account closure. The funds were never disbursed. Now, to release them, our processor requires a match deposit for identity confirmation. You send a fully refundable ninety-five dollar verification payment, and the moment it clears, the seven sixty plus your ninety-five comes back as one transfer. Innocent: You need me to send money to receive money? Suspect: It's a security standard, ma'am, banks do the same with micro-deposits. Yours is just in the other direction. Most people have it done within the hour.",1
"[Greetings], this is [Name] from [Company] School. You showed interest in our preschool program. Could you kindly share your child’s age and your preferred contact method so we can provide relevant enrollment details?",0
"[Greetings], this is [Company] Learning Centre. We are offering a free trial class for our upcoming [Product] preparation course. Would you like to register or speak to one of our academic advisors?",0
Innocent: Hello. Suspect: I am calling about a beneficiary update on a retirement account. Innocent: I did not request an update. Suspect: I can cancel it after confirming your date of birth and current balance range. Innocent: Why do you need the balance? Suspect: It is the only challenge field not visible to the person who submitted the request.,1
"Innocent: Hi. Suspect: Your insurance information was rejected for an upcoming appointment. Innocent: I do not have an appointment. Suspect: Then someone may have used your details to schedule one. I need the member number and group number to remove the incorrect record. Innocent: I will call my insurer. Suspect: The appointment is tomorrow, and any cancellation fee will be assigned before then.",1
Innocent: Hi. Suspect: Your monthly housing payment was redirected to a new servicing account. Innocent: I did not authorize that. Suspect: I can reverse the change if you verify your bank routing number and payment amount. Innocent: Send me a notice. Suspect: Notices are mailed after the first payment is processed.,1
"Innocent: Hello? Suspect: Hi, this is the account team for your ride-share driver profile. Your payout was held because the bank details failed verification. Innocent: I've been getting paid fine. Suspect: A recent bank update flagged the account as unverified, which holds new payouts. To release them I confirm your routing and account number and a code I'll text to your phone. Innocent: Why both the code and the bank details? Suspect: The code confirms your phone, the account receives the payout, standard two-step verification, sir. Held payouts expire back to the platform after seventy-two hours if the account isn't verified. Let's release your earnings now.",1
"[Greetings], this is [Name]. I have  been looking into trying out [Product] as a hobby, and I remember you mentioned it once. Would you be interested in giving it a shot with me sometime? Could be a fun weekend activity.",0
"[Greetings], this is [Name]. [Company] just released their VR fitness update, and it is more intense than ever. It actually tracks your form while you move. Want to challenge each other this week?",0
"[Greetings], this is [Name]. I saw an online event about [Product] that I thought might interest you. It is happening on [Date], and it is free to join. Would you like me to send you the link?",0
"[Greetings], It is [Name]. Just confirming if We are still on for that catch-up call this evening. I will be free after [Time], and I would love to hear all about how things are going on your end.",0
"Innocent: This is Laura. Suspect: Hi Laura, it's Dave from the helpdesk following up on your ticket about the slow computer. Do you have a second to check something? Innocent: Sure, I did report it yesterday. Suspect: Click the up-arrow in your taskbar and tell me if you see a green checkmark icon. Innocent: Yes, it's there. Suspect: Good, the new backup agent installed correctly, that was the slowdown during rollout. It'll settle by tomorrow. I won't need your password or anything, and if it's still slow Thursday, just reply on the ticket. Innocent: Will do, thanks Dave.",0
"Innocent: Hello. Suspect: Good afternoon, this is Walt from Dependable Heating and Air, confirming tomorrow's maintenance visit between eight and ten. Innocent: Yes, we'll be home. Suspect: Great. Heads-up, our tech Marco will have a company badge and a marked truck. The maintenance is covered by your service plan, so there's nothing to pay tomorrow. If he finds something that needs repair, he'll write a quote and you decide later, no pressure on the spot. Innocent: Good, the last company pushed a hard sell. Suspect: We don't work that way. Take the quote, compare, sit on it. See you in the morning. Innocent: Thanks, Walt.",0
"Innocent: Hi. Suspect: A purchase under your name was marked delivered, but the buyer dispute is still open. Innocent: I did not sell anything. Suspect: Then someone may be using your identity as a seller. I can stop the chargeback if you provide your bank account details. Innocent: That would expose my account. Suspect: It is required to prove the payout did not belong to you.",1
"[Greetings], this is [Name]. I am coordinating a tech demo night at [Location] and thought you might want to present. Your recent project would impress the group. Can I list you as a speaker?",0
"[Greetings], colleagues! This is our workspace for the [Project Name] initiative. Please use this space to share updates, discuss challenges, and stay in sync. Introduce yourself and tell us your role—Let us work together smoothly.",0
"Innocent: Front desk? My room phone rang. Suspect: Sorry to bother you so late. This is the front desk. Our system dropped during the nightly audit and your card didn't carry over. We need to re-run it or you'll be checked out automatically at midnight. Innocent: Can I come down in the morning? Suspect: The audit closes at midnight and the room releases if it lapses. No need to come down, just read me the card number and expiration and I'll re-enter it. Innocent: Doing this by phone feels odd. Suspect: It's routine during an audit, we do it each cycle. Whenever you're ready.",1
"Suspect: Hi Karen, it's Bill. I'm about to board a flight and I need something handled before wheels up. Innocent: Oh, hi Bill. Sure, what's going on? Suspect: We're closing the vendor deal I mentioned in the all-hands. Legal signed off this morning, but the deposit has to hit their account today or we lose the terms. Accounting is out at that offsite. I need you to process a wire for eighteen thousand five hundred. Innocent: A wire? I've never done one on my own before. Suspect: There's a first time for everything, and I'm trusting you with this. I'll email the account details from my personal address since I can't reach the company server from the lounge. Don't loop anyone in, the deal is still under embargo. Can I count on you? Innocent: I guess, if it's really urgent. Suspect: It is. Watch for my email in five minutes.",1
"[Greetings], this is [Title][Name] from [Company] Clinic. We have your medical test results ready. Could you drop by tomorrow to discuss them with the doctor? We will ensure privacy during your visit.",0
"Innocent: Hello, Denise here. Suspect: Denise, it's the assistant from the ministry office. The pastor's traveling this week but asked me to reach a few dependable members. Innocent: Of course, everything alright? Suspect: There's a family in crisis, he's keeping it confidential, and he's gathering emergency support today. He named you as trustworthy. The easiest way is digital supermarket vouchers so the family can use them right away. Could you manage two hundred and fifty? He'll acknowledge it from the fund later. Innocent: That's unusual, he normally announces these. Suspect: The situation is sensitive, Denise. He's trusting your discretion.",1
"Innocent: Who is this? Suspect: I am handling a disputed purchase connected to your phone number. The merchant has agreed to release the money, but the destination account failed verification. Innocent: I never filed a dispute. Suspect: That may mean someone used your details. I can redirect the funds to your current card if you confirm the full number. Innocent: No. Suspect: Then the refund remains attached to the other account.",1
"Innocent: Hi, this is Jordan. Suspect: Jordan, I am calling from payroll support. Your direct-deposit update is incomplete, and tomorrow's run closes in thirty minutes. Innocent: I did not change my deposit details. Suspect: Then someone may have started the request for you. I need your employee number and the routing number of the account that should remain active. Innocent: I will contact HR. Suspect: HR will not see the issue until after the file locks, which could delay your pay.",1
"[Greetings], this is [Name]. I noticed you left your [Product] at my place the other day. Want me to drop it off or should I hold onto it until we meet next week?",0
Innocent: Hello? Suspect: Your repair account has a credit from a canceled appointment. Innocent: I never had an appointment. Suspect: Then someone may have used your address. I can send the credit to your card if you confirm the full number. Innocent: Just void the appointment. Suspect: The credit must be assigned before the account can close.,1
Innocent: Hi. Suspect: We are contacting residents near you about an urgent community relief fund. Innocent: What happened? Suspect: A household lost access to heat and needs temporary support. I can process any amount by card. Innocent: I will donate through an official website. Suspect: Online donations are allocated next week; this collection is for today's emergency.,1
Innocent: Hello. Suspect: I am calling about a claim filed after a minor incident involving your vehicle. Innocent: I have not been in an accident. Suspect: Then someone may have listed your policy information. I can remove you from the claim if you confirm the policy number and date of birth. Innocent: Which insurer? Suspect: The carrier name appears after the claimant record is matched.,1
"[Greetings], this is [Company] Cafe. We would love to invite you to our upcoming live music night on [Date]. There will be local artists, food specials, and cozy vibes. Will you be joining us?",0
"Innocent: Hello? Suspect: Hi, this is the fraud department at Union Trust Bank. We believe your card number may have been included in a merchant data breach announced this morning. Out of caution, we're reissuing cards to affected customers. Innocent: Oh no, was my money taken? Suspect: No unauthorized charges so far, we've been monitoring since the announcement. Your current card works until the new one arrives in seven to ten days, then it deactivates automatically. Innocent: Do you need anything from me? Suspect: Nothing at all today. Watch your statements, and report anything unfamiliar through the app or the number on the back of your card. That's the safest way to reach us, and we'll never ask for your PIN or full card number by phone.",0
"[Greetings], this is [Company] Antiques. We have  just added a rare collection of vintage typewriters to our shop. Are you a collector or enthusiast interested in owning a timeless piece of history?",0
"[Greetings], this is [Name] from [Company] HR. You applied for the [Title] position. Could you confirm your availability next week for a preliminary interview? We would like to proceed.",0
"Suspect: Hi, is this Melissa? I'm calling from the flexible careers team about your application. Innocent: Hi, yes, I applied for the work from home posting. Suspect: You're approved, congratulations! The role is package quality inspector. Merchants send products to your home, you check them for damage, fill out a short form, and reship them with labels we provide. Twenty-four hundred a month, packages arrive daily. Innocent: That sounds easy. What's the catch? Suspect: No catch. To activate your inspector dashboard I need your full name, home address, date of birth, and a photo of your driver's license for the shipping account. First packages arrive within the week, and your first check comes after thirty days of completed inspections. Innocent: Okay, the license photo too? Suspect: Carriers require identity on file for high-value freight, standard practice. Send it to the number I text you and you're officially on the team.",1
"[Greetings], this is [Name] from [Company] Relief Registry. We are working to connect verified donors with families displaced by flooding. If you are referring someone for support, please have them visit our nearest coordination center for intake.",0
"Innocent: Hello? Suspect: I am calling about a utility balance attached to your address. Service is marked for interruption tonight. Innocent: My account is current. Suspect: There may be a posting delay. I can place a hold if you pay the minimum balance through our automated line now. Innocent: Send me the bill. Suspect: A mailed notice will arrive after the interruption date, so it will not prevent the shutoff.",1
"Innocent: This is Nora. Suspect: Nora, a technician visit was requested to replace your control panel. Innocent: I did not request that. Suspect: I can cancel the visit if you confirm your address and pay the dispatch hold. Innocent: I am not paying for an unwanted visit. Suspect: The hold is refunded when the technician route is updated.",1
"[Greetings], this is [Company] Explorers Club. We are organizing a guided nature hike on [Date], complete with birdwatching and a picnic break. Interested in signing up for a refreshing day outdoors?",0
"Innocent: Hello? Suspect: Hi, this is the fraud department at Ironwood Bank. We believe your card number may have been exposed in a retailer data breach reported this morning, so we're proactively reissuing cards. Innocent: Was my money taken? Suspect: No unauthorized charges so far, we've been watching since the announcement. Your current card works until the new one arrives in about a week, then it deactivates automatically. Innocent: Do you need anything from me? Suspect: Nothing today. Just watch your statements and report anything unfamiliar through the app or the number on your card. We'll never ask for your PIN or full card number by phone. Innocent: Understood, thanks for the heads-up.",0
"[Greetings], this is [Name] from [Company] Community Center. You have  successfully registered for the workshop on [Date] at [Time]. If you have any dietary restrictions or accessibility needs, feel free to let us know ahead of time.",0
"[Greetings], it is [Name]. Something hilarious happened at work today that I just had to share with you. Give me a quick call when you have time—I promise it is worth it.",0
"Innocent: Hello? Suspect: Hi, this is Renee calling about your health plan. Good news, a premium adjustment went through and you're owed money back for the past four months. Innocent: Oh, that's nice to hear. Suspect: It's four hundred and twelve dollars. Now, we've stopped mailing checks due to mail theft, so I'll deposit it directly. Which bank do you use? Innocent: Shouldn't you already have that if you bill me? Suspect: Billing and disbursement run on separate systems, ma'am, standard separation for security. I just need the routing and account number and it lands within two business days. It expires back to the general fund on Friday if unclaimed.",1
"[Greetings], this is [Name] from [Company] Insurance. You requested clarification about your current policy coverage. Could you provide your policy number for accurate reference?",0
"Innocent: This is Alice. Suspect: Alice, your pet insurance claim is waiting for banking confirmation. Innocent: I did not file a claim. Suspect: Then I can stop the payout if you tell me which bank should not receive it. Innocent: That does not make sense. Suspect: The system requires a matching bank name before it allows a cancellation.",1
"[Greetings], this is [Name]. I just finished reading the book you recommended, and I enjoyed it a lot. I thought we could discuss some of the key parts over a call sometime. Would you be available this weekend?",0
"[Greetings], this is [Name] from [Company] Recruitment. You applied for the [Title] role. Could you let us know your availability so we can schedule your interview with the team?",0
"[Greetings], this is [Name]. I came across a local art exhibit happening this weekend at [Location]. I thought it might be something you would enjoy. Would you like to go together?",0
"Innocent: Hello? Suspect: This is Aaron from card services. Your current card was marked as damaged through the mobile system. Innocent: I never reported that. Suspect: Understood. To reverse the request, confirm the full number on the card in your wallet so I cancel the correct one. Innocent: You should already know it. Suspect: The display is masked on my side. If we cancel the wrong card, the active one could stop working today.",1
"[Greetings], this is [Name] from [Company] Auto Insurance. We have  launched a new roadside assistance add-on for your policy. Would you like more details about how it works and how to enroll?",0
"Innocent: Hello? Suspect: Hi, this is the fraud department at Harborview Bank. Your debit card was just declined at a store because our system flagged an unusual pattern, several small charges in a row. Did you make those? Innocent: Oh, yes, that was me testing a vending machine that kept failing. Suspect: That explains it. I'll remove the flag so your card works normally again. Sorry for the trouble. Innocent: No problem. You don't need my card number? Suspect: No, we already have the account in front of us. We'd never ask for the full number or your PIN on a call. You're good to go.",0
"[Greetings], this is [Name]. I just got back from [Location], and I have so much to tell you. The scenery was beautiful, and I tried a lot of local food. Let us have a call soon so I can share more details.",0
"Innocent: This is Janet. Suspect: Hi Janet, it's Dave from the IT helpdesk, following up on ticket four seven two about your laptop running slow. Do you have a minute to check something on your screen? Innocent: Oh sure, I did put that ticket in yesterday. Suspect: Great. Click the arrow in your system tray and tell me if you see a blue shield icon. Innocent: Yes, it's there. Suspect: Perfect, the new security agent installed correctly, that was the slowdown during rollout. It should settle down by tomorrow. I won't need your password or anything, and if it's still slow Thursday, just reply on the ticket and I'll swing by your desk. Innocent: Great, thanks Dave.",0
"[Greetings], this is [Company] Bookstore. Your pre-order for “[Product]” is ready for pickup. Would you like us to reserve a copy under your name until [Date]?",0
"Innocent: Hello. Suspect: Good morning, ma'am, I'm calling from the regional household survey office. Your residence was selected for the mandatory community data update. Innocent: Is this the census? I thought that already happened. Suspect: This is the interim update, participation is required under the residency statutes. It takes five minutes. First, confirm the full names and dates of birth of everyone in the household. Innocent: I'm not comfortable giving out my children's information. Suspect: Ma'am, incomplete responses are flagged for an in-person compliance visit, and those visits are far more intrusive. Then I'll need your employer, your approximate household income, and the name of your bank for the economic section. It's all confidential, protected by law.",1
"[Greetings], this is [Name]. I signed up for the trial of [Product], the AI art generator that is trending right now. It created some amazing images from just a few words. Would you like to try it out together?",0
"[Greetings], this is [Title][Name] from the local police department. You reported finding a lost wallet. Could you describe its appearance and location so we can assist in returning it to the rightful owner?",0
"Innocent: Hello. Suspect: Hi, is this the Hendersons' residence? This is Walt from Reliable Plumbing confirming tomorrow's appointment for the water heater inspection, between nine and eleven. Innocent: Yes, that's right, we'll be home. Suspect: Great. Quick heads-up, our technician Danny will have a company badge and will be in a marked van. The inspection itself is covered under your service plan, so there's nothing to pay tomorrow. If anything needs repair, he'll write up a quote and you can decide later, no obligation on the spot. Innocent: Good to know. Last company pressured us into a filter thing on the spot. Suspect: Yeah, we don't operate that way. Take the quote, sit on it, compare prices. See you tomorrow morning.",0
"Innocent: Hello. Suspect: Hi, this is the card security line. We've confirmed your card has been cloned and used at two locations this morning. Innocent: Oh no. What do I do? Suspect: We've already blocked the copies. The compromised card in your possession needs to be deactivated and destroyed, but the chip has to be returned for forensics. A courier is available in your area today. Cut the card in half, leave the chip intact, and place it in an envelope. The courier will show identification. Innocent: You send people to houses for this? Suspect: For confirmed cloning cases, yes, it's evidence. One more thing, write your PIN on a slip inside the envelope so forensics can test whether the copies had it. Innocent: My PIN? Suspect: It goes straight into the evidence system, ma'am, no human reads it.",1
"Innocent: Hello. Suspect: I am calling from the document resolution office. A notice requiring your signature was returned twice. Innocent: What notice? Suspect: I cannot read the allegation over an unsecured line. I can mark the file as resolved after verifying your identity and collecting the administrative fee. Innocent: Send it by mail. Suspect: The final delivery attempt is scheduled today, and refusal may be recorded as noncompliance.",1
"Innocent: Hello. Suspect: Good morning, this is the settlement administration office for a class action you're a member of. A payment has been approved in your name. Innocent: I don't recall joining a class action. Suspect: Members are often included automatically based on past purchases, sir. Your approved payment is one hundred and ninety dollars. To disburse it I confirm your identity and the account for deposit, plus a small administrative fee of twenty-nine dollars deducted or paid separately. Innocent: A settlement that charges me a fee? Suspect: The administrative fee covers disbursement processing, and it's standard. If you don't claim before the deadline this week, your share redistributes to other members. Let's confirm your details and get your payment out.",1
Innocent: Hello. Suspect: A document server has been assigned to an address associated with you. Innocent: What document? Suspect: I cannot discuss the contents until you confirm your identity. Innocent: Give me a case number. Suspect: The number is released only after verification or voluntary settlement.,1
"[Greetings], this is [Name]. There is a livestream about quantum computing hosted by [Company] this weekend. I know it is a bit advanced, but it might be interesting to watch together. Are you in?",0
"Innocent: Hello. Suspect: A private event venue has your number listed for the remaining balance. Innocent: I am not hosting an event. Suspect: Then the organizer may have entered the wrong contact. I can remove you after a refundable validation payment. Innocent: I am not paying. Suspect: Until validated, collection messages will continue to your number.",1
"Innocent: Hello? Suspect: Hi, this is the account recovery team. Someone attempted to add a new payee to your online banking a few minutes ago. Innocent: That wasn't me. Suspect: We stopped it, but the attempt means they're inside. To lock them out, I'll guide you to remove the payee and re-secure the account, which requires you to log in while I stay on the line and confirm the codes as they arrive. Innocent: You want me to read you the codes? Suspect: Only to confirm the removal took effect, ma'am. If we don't act now, they'll add the payee again and the next transfer succeeds. Open your app, we're racing them.",1
"[Greetings], this is [Company] Culinary Tours. We are planning a gourmet food journey through a hidden gem of a region. Ready to indulge in authentic flavours and cultural bites?",0
"[Greetings], this is [Name] from [Company] Tax Services. This is a reminder that the tax filing deadline is approaching on [Date]. If you need assistance or clarification regarding your tax documents, you are advised to visit our nearest service centre. Certified tax officers on-site conduct all consultations.",0
"Innocent: Hi. Suspect: Your community center membership was renewed using an old payment method. Innocent: I canceled that membership. Suspect: The cancellation did not reach the billing system. Confirm your current card so I can transfer the refund. Innocent: Refund it to the old card. Suspect: That card was marked invalid, which is why the call was generated.",1
Innocent: Who is this? Suspect: I am with route support. A signature-required parcel was delivered under your name to the wrong address. Innocent: I have no missing parcel. Suspect: Then I can remove your identity from the delivery record after confirming your date of birth and address. Innocent: Send me the tracking number. Suspect: It is hidden until the recipient is verified.,1
"Innocent: Hi. Suspect: Your seat assignment was changed and a baggage fee was added to the booking. Innocent: Which booking? Suspect: I can disclose the route after identity verification. Please confirm the last four digits of the card used. Innocent: I am not giving that without a confirmation number. Suspect: The confirmation number is locked behind the same verification step, and the fee becomes nonrefundable tonight.",1
Innocent: Who is this? Suspect: I am following up on a mobility-equipment delivery for a relative. Innocent: Which relative? Suspect: I cannot name the patient before you verify your relationship and date of birth. Innocent: I will call my family. Suspect: The delivery fee becomes nonrefundable once the truck departs.,1
"Innocent: Hello? Suspect: Good evening. This is a courtesy notification. You missed a required response last month and there are now two active items attached to your name. Innocent: I never got anything. Suspect: Notices went to your address, and receiving them is your responsibility. You can resolve this tonight by phone, or I forward it to the field unit for a visit to your home. Which do you prefer? Innocent: This sounds like a scam. Suspect: Sir, arguing with the process only worsens your position. I'm offering you the simple path.",1
"Innocent: Hello? Suspect: Hi, I'm with the technical services group. We've been getting repeated fault signals originating from your home network overnight. Innocent: My internet's been working fine. Suspect: The faults run beneath what you'd notice, sir, that's the danger of them. Are you near a computer? I'll have you open a small support tool so I can see the signals on our end and stop the leak. Innocent: What's leaking? Suspect: Data from your connected devices to an address we don't recognize. Every minute it continues, more goes out. Let's just take a look together, there's no charge for me to check.",1
Innocent: Hello? Suspect: Your pension payment was redirected because the old account was marked closed. Innocent: My account is not closed. Suspect: Then the change may be unauthorized. Confirm your routing and account number so I can restore the correct destination. Innocent: I will call the plan administrator. Suspect: The next payment file is being finalized now.,1
"[Greetings], this is [Name] from [Company] Realty. A new property has just become available that matches your preferences. Would you like to schedule a viewing or go over the listing details?",0
"[Greetings], this is [Name]. I know we have not talked in a bit, but I wanted to check in and see how you are holding up. Always here if you need anything—do not hesitate to call.",0
"Innocent: Hello. Suspect: Good afternoon, this is Tara from Brightline Insurance, the adjuster on your water damage claim from the burst pipe. Innocent: Oh good, I've been waiting to hear. Suspect: Sorry for the delay. I reviewed your photos and I'd like to schedule the in-home assessment. I have Monday or Wednesday. Innocent: Wednesday works. Do I owe anything at the assessment? Suspect: Nothing, and a heads-up, never pay anyone who shows up uninvited claiming to be with us. Our assessor carries company ID, and you'll get an email today with his name and photo. Innocent: That's reassuring, thank you. Suspect: See you Wednesday.",0
"Innocent: Hello? Suspect: Your contact was included in a private investment briefing for local professionals. Innocent: I am not interested. Suspect: I understand, but your place has already been funded by a sponsor. You only need to verify with a refundable deposit. Innocent: That does not sound refundable. Suspect: The deposit is returned after the first session, but the sponsored place expires today.",1
"[Greetings], this is [Name] from [Company] University Funding Office. Tuition reimbursement checks are being distributed this month. To confirm your disbursement or submit updated bank documents, please visit the finance division at your campus office.",0
"[Greetings], this is [Name]. I saw that [Company] is offering a free webinar on [Product] this Friday. I signed up and thought it might be useful to you as well. Want me to forward the registration link?",0
"[Greetings], this is [Name]. I finally tried out the new gym at [Company] Fitness and it is fantastic. You should come with me sometime this week. The classes are very engaging.",0
"Innocent: Hello? Suspect: Hi, this is building management. We're switching the resident payment system and your autopay didn't migrate, so your account shows a missed payment. Innocent: I've paid on time for years. Suspect: The migration dropped several autopays, that's the issue. To avoid a late mark and the fee, set up the new method today. I'll text you the payment handle for the transfer app. Innocent: My lease says I pay by check to the office. Suspect: The office closed with the old system, checks sent there bounce back and you're marked late. The transfer app is the new official channel. Send this month now and I'll waive the transition fee. Innocent: I'll call the office to confirm. Suspect: The lines are down during the migration, ma'am, and the late mark posts at midnight.",1
"Innocent: Hello? Suspect: Hi, the order verification desk for your shopping account. A purchase went in twenty minutes ago, a tablet shipping to another state, eleven hundred dollars. Innocent: I didn't order that. Suspect: I suspected takeover. I've paused it. To reverse it and secure the account, confirm the payment method the thief used, which should match your card. Read me the card number so I verify it's the compromised one. Innocent: Wouldn't you see the card on the order? Suspect: Only the last two digits, ma'am. Without a full match I can't file the reversal, and the order leaves the warehouse in fifteen minutes.",1
"[Greetings], this is [Name] from [Company] Health Insurance. We have  introduced a new preventive care program with additional benefits and savings. Would you like to hear more about it?",0
Innocent: Hello? Suspect: Your alarm service is scheduled for suspension because the payment method failed. Innocent: My service is paid. Suspect: The latest charge was returned. I can keep monitoring active if you provide a new card. Innocent: I will call the company directly. Suspect: Suspension occurs automatically at the top of the hour.,1
"[Greetings], It is [Name]. I wanted to let you know the team appreciated your help last week. We are planning a casual dinner on [Date]—can you make it?",0
"Innocent: Hello? Suspect: We are trying to correct a duplicate patient account before a claim is submitted. Innocent: What provider is this? Suspect: I will identify the provider once the file is matched. Please give me the last four digits of your insurance ID and the code sent to your phone. Innocent: I am not comfortable with that. Suspect: If the duplicate remains, future claims may be denied under the wrong profile.",1
"Innocent: Hello? Suspect: Good morning, I'm calling from the enforcement division regarding a case file that has been opened under your name. Innocent: Which enforcement division? Suspect: That's not something I can go into on a recorded line, sir. What I can tell you is that if this isn't resolved by end of business today, the matter moves to the next stage and I won't be able to help you. Innocent: Can you send me something in writing? Suspect: There's no time for mail. I need you to stay on the line with me and follow my instructions exactly.",1
"Innocent: This is Angela. Suspect: Hi Angela, Ben from the corporate helpdesk. Our monitoring shows your laptop missed the last two security update cycles, which flags it as noncompliant. Innocent: I didn't realize. Suspect: It fails quietly, that's normal. Could you leave the laptop on and connected tonight? The updates install after hours, nothing needed from you. Innocent: That's it? You don't need to log in remotely? Suspect: Nope, the management system pushes it automatically. If it reboots oddly tomorrow, just open a ticket or call the desk at the usual extension. Innocent: Easy enough, I'll leave it docked. Suspect: Appreciate it, have a good night.",0
"Innocent: This is Mike. Suspect: Hi Mike, Jordan from the IT service desk. Our monitoring shows your machine hasn't checked in for updates in over two months, which puts it out of compliance and is a bit of a security risk. Innocent: Huh, nothing seems wrong. Suspect: It fails silently, that's normal. Can you leave the laptop on and docked overnight? The patches push after hours, nothing needed from you. Innocent: That's it? No remote login? Suspect: Nope, the management system handles it. If it reboots oddly tomorrow, open a ticket or call the desk at the usual extension. Innocent: Easy, it'll be docked. Suspect: Appreciate it.",0
"[Greetings], this is [Name]. I noticed we have not had a proper conversation in a while. I miss our long talks and want to fix that. Can we talk sometime this week?",0
"[Greetings], this is [Name]. I found a nice trail for hiking just outside [City]. It looks like a great weekend plan. Would you like to go together and catch up?",0
"[Greetings], this is [Name] from [Company] Education Trust. Grant applications for research proposals are open until [Date]. If you require application forms or submission assistance, please collect them from our designated education outreach offices.",0
"Innocent: Hi. Suspect: I purchased your furniture listing, but my payment is being held because your account is not marked as commercial. Innocent: I did not receive a purchase notice. Suspect: It appears after you upgrade. You need to send a temporary amount that is automatically returned with the sale funds. Innocent: I am not sending money to receive money. Suspect: Then the platform will cancel and may charge me, so please complete it now.",1
Innocent: Hi. Suspect: A residency file under your name is missing a required payment. Innocent: I have no pending residency file. Suspect: Then someone may have opened it using your information. I can close it with a same-day administrative fee. Innocent: I will speak to a lawyer. Suspect: The file becomes active automatically if the fee deadline passes.,1
"[Greetings], this is [Name]. [Company] added real-time collaboration to their coding platform, and it looks perfect for remote pair programming. Want to try it on a small script later today?",0
"Innocent: Hello? Suspect: I am calling about a public record that lists an outdated address for you. Innocent: What record? Suspect: I can identify it after verifying your date of birth. Innocent: Send me a notice. Suspect: The record update deadline is today, and corrections after publication require a fee.",1
"Innocent: Hello, this is Ben. Suspect: Ben, I am calling from patient coordination. A prescription pickup was authorized under your profile, but the contact address does not match. Innocent: I did not request anything. Suspect: I can block the pickup if you confirm your full date of birth and home address. Innocent: Which pharmacy? Suspect: The location is hidden until identity is confirmed because the record is confidential.",1
"[Greetings], this is [Name] from [Company] Resorts. You are planning a stay with us. Could you confirm your check-in and check-out dates so we can finalize your booking?",0
"[Greetings], It is [Name]. Just wanted to say thank you for always being there. You have  really helped me through some things lately. Let us catch up properly soon.",0
"[Greetings], this is [Company] HR Department. Your onboarding session is scheduled for [Date] at [Time]. Please bring your identification documents and signed offer letter.",0
"Innocent: Hello, this is Elena. Suspect: Elena, I am calling because your voicemail and message forwarding settings were changed remotely. Innocent: I did not change them. Suspect: I can restore the old settings, but I need the security code sent to your handset. Innocent: I am going to call my provider directly. Suspect: Once we end this call, I cannot keep the forwarding rule paused, and incoming codes may be copied elsewhere.",1
"Innocent: Hello? Suspect: I am reviewing an alert involving your personal information. The alert can be cleared now before it is distributed to participating companies. Innocent: What information? Suspect: I can tell you after a secure match. Please confirm the last four digits of your identification number and the code sent by text. Innocent: No legitimate caller asks for a text code. Suspect: Without the code, the alert remains active and may affect your accounts.",1
"[Greetings], this is [Name]. I finally tried out the [Product] recipe you sent, and it turned out better than I expected. We should definitely have a food night where we both cook something fun.",0
"Innocent: Hello? Suspect: I am with the reservations desk. A hotel stay under your name has an unpaid incident hold. Innocent: I have not stayed anywhere recently. Suspect: Then we should dispute it before checkout. Confirm the card number that should not be charged. Innocent: I will contact my card company. Suspect: If the hotel closes the folio first, the charge can take weeks to reverse.",1
"Suspect: Hi, is this the number for the Coopers? Innocent: Yes, this is Mr. Cooper. Suspect: Sir, I'm calling from the warranty renewal center about the appliances registered to your address. Your combined coverage lapses at the end of the week. Innocent: I don't think I registered any coverage. Suspect: It was set up at delivery, most people forget. Once it lapses, any breakdown is fully out of pocket, and these units run into the thousands to fix. I can renew everything today and freeze your rate. Innocent: Which appliances specifically? Suspect: The major ones on file, sir. I have twenty minutes before the lapse posts. What card should I use to keep you covered?",1
"Innocent: Hello? Suspect: Hi, is this the parent or guardian of Emma Rodriguez? Innocent: Yes, this is her mom. Is she okay? Suspect: She's fine, this is Nurse Wilson at Jefferson Middle School. Emma came in with a headache and a low fever, ninety-nine point eight. She's resting in my office. We'd like someone to pick her up if possible. Innocent: Of course, I can be there in twenty minutes. Suspect: Perfect. Just check in at the front office with your ID, they'll walk you back. She's had water and she's comfortable, no rush if traffic's bad. Innocent: Thank you for calling. Suspect: Of course. Feel better wishes to Emma.",0
"Innocent: Hello. Suspect: Hi, I'm calling from Fairway Grocers customer care about the online order you placed this morning. The delivery address on the order doesn't match the one on your account, so our system held it for verification. Did you intend to ship to an address on Elm Street? Innocent: Yes, that's my daughter's place, I'm sending her groceries. Suspect: That's exactly what we needed to hear, I'll release the order now and it'll arrive in tonight's window. Innocent: Do you need my card number to confirm anything? Suspect: No, nothing like that, the payment already processed fine. This was only about the address mismatch. Your daughter should have everything by eight tonight.",0
"[Greetings], this is [Company] Music School. We are enrolling for our beginner piano class starting [Date]. Would you or someone you know be interested in developing a new musical skill?",0
"[Greetings], this is [Name]. Just wanted to wish you good luck on your exam tomorrow! I know you have  been working really hard, and I am  sure you will do great. Give me a call after—I would love to hear how it went.",0
"[Greetings], everyone! Welcome to the new group space. Let us connect, collaborate, and share interesting ideas. Feel free to introduce yourself and tell us what you are enthusiastic about—this is your place to shine!",0
"Innocent: Who is calling? Suspect: I coordinate relocation benefits for employers. A shipment allowance was opened using your name. Innocent: My employer has not mentioned relocation. Suspect: The request may have been initiated by mistake. To close it, confirm your employer, employee number, and bank account used for reimbursements. Innocent: I will ask HR. Suspect: The allowance is scheduled to fund before HR receives the reconciliation report.",1
"[Greetings], this is [Name]. I found a new productivity tool I think you would really like. It helps organize creative projects without being overwhelming. Want to try it out together?",0
"[Greetings], this is [Name] from [Company] Scholarship Board. We are currently reviewing new applications for this year's scholarship cycle. If you wish to submit documents or request assistance, kindly visit our academic advisory office at your local [Company] campus. Office hours and eligibility posters are displayed at the reception.",0
"Innocent: Hello? Suspect: Hi, this is Gerald, the new property manager for your building. The owner switched management companies this month, you should have gotten a letter. Innocent: I didn't see any letter. Suspect: Typical of the old company, they were a mess, which is why they were let go. Anyway, rent is now paid through a payment app to the new operations account, effective this month. I'll text you the handle. Innocent: My lease says I pay by check to the office. Suspect: The old office is closed, that's the point, checks sent there will bounce back and you'll be marked late. Late fees are one hundred and fifty under the new company. Send this month through the app tonight and I'll waive the transition paperwork fee as a welcome.",1
"[Greetings], this is [Company] Software Support. You reported a problem with your licensed software. Could you confirm your license key for verification and troubleshooting?",0
Innocent: Hello? Suspect: Your passport delivery address was changed after approval. Innocent: I am not waiting for a passport. Suspect: That suggests identity misuse. I can cancel delivery if you read the code sent to your phone. Innocent: The message says it confirms the address change. Suspect: I need to enter it before selecting cancellation.,1
"[Greetings], this is [Company] Travel. We are offering a unique opportunity to join an archaeological expedition to a recently uncovered site. Fascinated by history? Let us talk details!",0
"Innocent: Hi. Suspect: Your account shows a new household member and an upgraded monthly plan. Innocent: I did not add anyone. Suspect: I can remove the change after verifying the payment method. Please confirm the card expiration date. Innocent: I will log in myself. Suspect: The login page may not show the change until the next billing cycle, but the higher amount is scheduled today.",1
"[Greetings], this is [Name]. The latest update to [Company]’s mobile banking app added biometric login and transaction tracking. It looks more secure than before. Have you tried it yet?",0
Innocent: Hello. Suspect: I am calling about an emergency contact update submitted for a student connected to this number. Innocent: Who submitted it? Suspect: The portal does not show the name until the parent account is verified. Please read the code we sent. Innocent: I will log in through the school site. Suspect: The update may become active before you can see it there.,1
"[Greetings], this is [Company] Energy Solutions. We are following up on your solar panel inquiry. We would love to walk you through our packages—how about a call on [Date] at your preferred time?",0
"Innocent: Hello? Suspect: Yes, this is the disbursement office calling about your monthly benefits. A recalculation has increased your entitlement by two hundred and ten dollars per month, retroactive to January. Innocent: An increase? I hadn't heard anything. Suspect: The letters are backlogged, so we're calling recipients directly. To apply the increase, I need to confirm the account your payments go into. Read me the account and routing numbers so I can match them against the file. Innocent: You already deposit my payments there. Don't you have it? Suspect: I have a masked version, sir, for security I can only see stars. If we can't verify today, the recalculation is skipped and reapplying takes up to a year. It's your money, I'd hate for you to leave it behind.",1
"Innocent: This is Tina. Suspect: Tina, your account was selected for a rate adjustment, but the payment method must be verified. Innocent: Why would a rate adjustment need my card? Suspect: The card confirms the account holder and receives a small test credit. Innocent: I will check my bill. Suspect: The adjustment expires before the next statement is produced.",1
"[Greetings], this is [Name]. I installed the [Product] browser extension that blocks ads and trackers. It made a huge difference in browsing speed. Want me to help you install it too?",0
"Innocent: Hello? Suspect: Good morning, I'm calling from the civic duty roster office. You were selected for mandatory service last quarter and failed to respond, and a penalty has now been attached to your name. Innocent: I never got any selection notice. Suspect: The summons was mailed twice, sir. Now, the penalty is seven hundred and fifty dollars, but because this is a first offense, you qualify to clear it today at a reduced amount and keep it off your record. Innocent: Shouldn't this go through a court? Suspect: It does go through the system if you don't resolve it, and then it becomes a matter for pickup at your home or workplace. Most people prefer to handle it quietly by phone. I would too, frankly.",1
Innocent: Hello? Suspect: Your business listing was edited to show a different phone number and payment link. Innocent: I do not own a business. Suspect: Then your identity may have been used for the listing. Confirm your address and date of birth so I can remove it. Innocent: I need the listing name. Suspect: It cannot be displayed until ownership is verified.,1
"Innocent: Hello, this is Ray. Suspect: Ray, this is the exit desk for your extended service contract. We're required to notify you that your contract is terminating and you're owed the unused balance, four hundred and ten dollars. Innocent: I cancelled that thing two years ago. Suspect: Correct, but the escrow portion kept accruing, that's the balance we're returning. Now, our disbursement system needs an active card to return funds to, and the card we have on file is expired. What's your current card number? Innocent: You could just mail a check to my address. Suspect: Escrow returns are electronic only, sir, federal handling rules. And unclaimed balances revert after ninety days, you're on day eighty-four. Six days, then it's gone. Card number and it's back in your account by Friday.",1
"Innocent: Hello? Suspect: Hey, it's me, I'm in real trouble. Innocent: Sofia? You sound off. Suspect: I've got a bad cold and I've been crying, Grandma. There was an accident last night, someone got hurt, and I need money arranged today or it gets much worse. Innocent: Why not call your dad? Suspect: He'll be furious, please, you know how he gets. Someone will call you shortly with instructions. Please just follow them and don't tell anyone. Promise me. Innocent: I don't know. Suspect: Grandma, please, I'm scared and there's no one else.",1
"Innocent: Hi, who is this? Suspect: I am with the mobile account desk. A second SIM was registered against your number from another city. Innocent: That was not me. Suspect: Then we need to remove it immediately. Confirm your account PIN so I can isolate the correct line. Innocent: I will visit a store. Suspect: By the time the store opens, calls and messages may already be going to the other device.",1
"Innocent: Hello. Suspect: Good afternoon, this is the dispute resolution team for your card. A merchant you paid is refusing to refund a cancelled order, so we're issuing the refund ourselves. Innocent: Oh, that order never shipped. Suspect: Exactly, so you're owed ninety-five dollars back. To process the merchant reversal I confirm your card by the number and expiration so the credit lands on the right card. Innocent: You'd already have the card if you're my card company. Suspect: The dispute system operates separately from your main account for security, sir. Without the card confirmation the reversal can't post and the merchant keeps your money. Read it to me and I'll credit you today.",1
"[Greetings], this is [Company] HR Team. Thank you for your recent application. We would like to schedule a formal interview to discuss the [Title] position. Are you available next week?",0
"[Greetings], this is [Name] from [Company] Credit Services. You reported an incorrect charge on your account. Could you share the transaction date and amount so we can investigate it further?",0
"[Greetings], this is [Name]. The next local makers' market is happening at [Location] on [Date]. You always find the best handmade stuff. Want to go treasure-hunting together again?",0
"Innocent: Hello. Suspect: Good evening, this is the winnings verification desk. Your entry in a partner promotion was drawn for a substantial award. Innocent: I don't remember entering anything. Suspect: Entries generate from partner purchases automatically, sir. The award is significant, but to release it we verify the winner with a small confirmation payment, forty-nine dollars, returned with the award. Innocent: Pay to receive winnings? Suspect: It confirms you're the real winner and not an impostor, that's all. The award is time-locked, and if verification isn't completed tonight it passes to the alternate. What card would you like to use?",1
"[Greetings], this is [Name]. I joined a local astronomy club that meets every full moon at [Location]. It would be amazing if you came along. They also do beginner telescope training.",0
"Innocent: Hello. Suspect: I am calling because your account is repeatedly connecting from two locations at once. Innocent: Which account? Suspect: The main account associated with this number. To separate the sessions, open your settings and tell me what you see under connected devices. Innocent: I am not following instructions from a stranger. Suspect: If we cannot identify the extra session now, it may continue receiving your messages.",1
"Innocent: Hello. Suspect: Hi, this is Alicia from Brightway Bank's verification team. You applied for a car loan with us yesterday, and I have a couple of follow-up questions before we can finalize the approval. Innocent: Yes, I did apply, go ahead. Suspect: The application lists your employer as Hartman Logistics, but the start date field was blank. How long have you worked there? Innocent: About six years now. Suspect: Perfect, that's all I needed to complete the file. You'll get the decision by email within two business days. Innocent: You don't need my Social Security number again or anything? Suspect: No, we never re-collect that by phone, everything sensitive stays inside the secure application you already submitted. Watch for the email, and congratulations in advance.",0
"Innocent: Hello? Suspect: Good evening. This is an urgent courtesy call. Our records show you failed to appear for a scheduled obligation last month, and there are now two active items against your name. Innocent: What obligation? I never received anything. Suspect: Notices were sent to your address on file, and signing for them was your responsibility. Now, you have two options. You can resolve this tonight over the phone with a compliance payment, or I can transfer this to the field unit and they will visit your residence. Which would you prefer? Innocent: This sounds like a scam. Suspect: Sir, disrespecting this process only makes your situation worse. I'm trying to keep this from becoming a bigger problem for you.",1
"[Greetings], this is [Name]. There is a free digital painting workshop happening at [Company] on [Date]. It is beginner friendly, and all supplies are provided. Want to attend together?",0
"Innocent: Hello. Suspect: Good afternoon, this is Claire, the adjuster from Vanguard Insurance handling your claim from the storm on the ninth. Innocent: Finally, I've been waiting. Suspect: Sorry, high volume from that storm. I reviewed your photos and I'd like to schedule the roof inspection, Tuesday or Thursday afternoon. Innocent: Thursday. Will I owe anything then? Suspect: Nothing at the inspection, and please don't pay anyone who shows up unannounced claiming to be with us, storm chasers do that. Our inspector has company ID and you'll get an email today with his name and photo. Innocent: That's reassuring, see you Thursday.",0
"[Greetings], this is [Company] Bank. We are calling to verify recent transactions on your account ending in [Number]. It is a routine security check—no action is required unless something looks unusual. Would you like to set up transaction alerts for better tracking?",0
"Innocent: Hello. Suspect: Good afternoon, this is the account recovery line for your business email. A former employee's access was never revoked and they're logged in right now downloading files. Innocent: We did have someone leave recently. Suspect: That's the exposure. To cut their access immediately, I'll guide you to reset the master credential, and I need you to read me the confirmation code as it arrives so I verify the reset locked them out. Innocent: You want me to read you the code? Suspect: Only to confirm the lockout, sir. If we don't move now, they keep pulling your files. Every second counts, so let's reset it together and stop the leak.",1
"Innocent: Hello? Suspect: Your daughter gave us this number after a minor collision. She is safe, but a private settlement must be handled before the other party files a report. Innocent: What is her name? Suspect: She is upset and asked me to explain first. The amount can be secured with a digital payment while she is waiting. Innocent: I am calling her directly. Suspect: Her phone is with the officer documenting the scene.",1
"[Greetings], this is [Name] from your neighborhood group. We are organizing a small get-together this [Date] at [Time]. Would you and your family like to join? It is just a potluck and some games.",0
Innocent: Who is this? Suspect: I am with document certification. A copy request under your name has an unpaid processing fee. Innocent: I did not request a copy. Suspect: I can cancel it after confirming the card used to submit the request. Innocent: I never supplied a card. Suspect: Then the card may belong to the person using your details.,1
"[Greetings], this is [Company] Catering Services. We are confirming the menu for your event on [Date]. Would you like to finalize the guest count or make any last-minute changes?",0
Innocent: Hello. Suspect: I am calling about a service plan attached to an appliance at your address. Innocent: Which appliance? Suspect: The item details appear after I verify the homeowner. Please confirm your date of birth and payment card. Innocent: I will check my paperwork. Suspect: The plan renews today and the cancellation period ends in thirty minutes.,1
Innocent: Hi. Suspect: Your bookkeeping profile shows an unpaid quarterly filing fee. Innocent: I do not use a bookkeeping service. Suspect: Then a business record may have been opened with your information. I can close it after verifying your address and taking the cancellation fee. Innocent: Why would I pay to cancel fraud? Suspect: The fee is automatically returned when the duplicate record is removed.,1
"[Greetings], this is [Name] from [Company] Health Research Network. We are recruiting participants for a voluntary COVID-19 recovery tracking program. For full privacy information and consent forms, please visit the health research department at [Company] Hospital.",0
Innocent: Hello? Suspect: Your permit application is missing a final processing payment. Innocent: I did not apply for a permit. Suspect: Then the application may have been opened under your address. I can withdraw it after collecting the cancellation charge. Innocent: I am not paying to withdraw something I did not submit. Suspect: Otherwise the permit remains attached to the property record.,1
"[Greetings], It is [Name]. I saw the announcement about your [Title] award—huge congrats! We should do something fun to celebrate soon.",0
"[Greetings], this is [Name]. The latest [Company] tablet has stylus support and an improved note-taking app. I thought of your sketching hobby. Want to visit the store together this weekend?",0
"Innocent: Hello? Suspect: Hi, I'm calling from the loyalty desk about your account standing. There's a review in progress and today's the last day you can respond to it. Innocent: A review of what? Suspect: I can't get into specifics until I confirm I'm speaking with the account holder. What I can say is if the response window closes without action, the standing drops and the perks tied to it are lost. Innocent: What perks, what account? Suspect: Ma'am, I'm trying to help you keep something you've earned. Confirm the number on your statement and I'll walk you through preserving it before the day ends.",1
"Innocent: Hello. Suspect: Good morning, I'm with the veterans support outreach. We're helping former service members claim a supplemental benefit many don't know exists. Innocent: I did serve, years ago. Suspect: Thank you for your service. You likely qualify for a supplement, and I can start your claim today. To pull your eligibility I confirm your service identification and the account where the benefit would be deposited. Innocent: This is the first I've heard of this benefit. Suspect: Most veterans never hear of it, that's the tragedy, the money sits unclaimed. If we don't file before this quarter closes, you wait another year. Let's get your identification confirmed and secure what you're owed.",1
"Innocent: Hello. Suspect: Your return was received without an order number, so the refund is on hold. Innocent: I did not send a return. Suspect: Then someone may have used your label. I can stop the refund if you confirm the card attached to your account. Innocent: I will contact the retailer. Suspect: The refund is scheduled to another card this afternoon.",1
"Innocent: Hello? Suspect: A pickup request from your home includes a high-value item and requires a refundable insurance hold. Innocent: I never requested a pickup. Suspect: I can cancel it, but the hold must first be verified with a card. Innocent: I will not provide a card. Suspect: The driver is already assigned and may arrive before the cancellation reaches dispatch.",1
"Innocent: Hello, who's this? Suspect: This is Agent Morrow. I'm reaching out because there's a hold that's been placed against your name and it needs to be cleared today. Innocent: A hold from where? Suspect: From our office, ma'am. Now before I can release it, I need you to verify the number I have ending in your file. Can you read me your full number so I can match it? Innocent: I'm not comfortable doing that. Suspect: Then unfortunately the hold stays and things escalate. Is that really what you want over a five-minute phone call?",1
"Innocent: Hello? Suspect: Hi, this is Tom from Cedar Point Property Management. I'm calling all tenants because rent payments are moving from the drop box to the online portal starting next month. You should have received a letter with your registration code. Innocent: I saw the letter but honestly thought it might be a scam, these payment change things worry me. Suspect: Smart instinct, honestly. Don't take my word for it, call our main office line, the same number on your lease, and they'll confirm. The portal link is only on our official website, we'll never text you a payment link. Innocent: Okay, I'll call the office number on my lease to double check. Suspect: Perfect, that's exactly what we recommend. This month you can still pay the old way while everyone transitions.",0
Innocent: Hi. Suspect: Your parking account was used to register a second vehicle. Innocent: I only have one car. Suspect: Then I can remove the extra vehicle if you confirm the card used for parking payments. Innocent: I will use the parking app. Suspect: The app will not display pending registrations until the next billing cycle.,1
Innocent: Hello. Suspect: I am calling about a rebate assigned to your address after an energy review. Innocent: I did not request a review. Suspect: The utility submitted addresses automatically. I can release the rebate if you confirm your bank account. Innocent: Apply it to my bill. Suspect: This program pays directly and expires today.,1
"Innocent: Hello? Suspect: Good morning! I'm calling from the member services line for your health coverage. You've been pre-approved for a pain relief support device at zero cost to you, your plan covers it entirely. Innocent: I didn't ask for any device. Suspect: Your recent claims history qualified you automatically, ma'am. Many members with your profile suffer needlessly when the benefit is just sitting there. To ship it, I only need to confirm your member identification number from your card. Innocent: My doctor never mentioned this. Suspect: Doctors don't track benefits, that's our job. Read me the ID number and the device arrives next week, and the benefit resets in four days, so it's now or next year.",1
"[Greetings], this is [Name]. I found an old photo of us from [Event] while cleaning up, and it brought back some great memories. Want me to send it over? We can recreate it one day.",0
"[Greetings], this is [Name]. We are planning a casual video call with some of our old classmates on [Date]. It has been forever—hope you can join!",0
"Innocent: Hello. Suspect: Hello sir, this is the mobile banking support desk. Our system shows you're running a version of the banking app with a known security flaw. Accounts on this version are being targeted this week. Innocent: I usually update automatically. Suspect: The store version lags for some regions, which is the problem. I'm sending you a direct link to the patched build right now by text. Delete the current app first, then install from the link and log in so it can migrate your profile safely. Innocent: Installing from a text link doesn't sound right. Suspect: The link goes to our server, sir, it's faster than the store. Until you're on the patched build, I'd avoid using your card at all. Shall I stay on the line while you install it?",1
"Innocent: Hello? Suspect: Hi, congratulations are in order! You were shortlisted for the remote data coordinator position you applied for. Innocent: Oh, I did apply to a few places. Which company? Suspect: The staffing partner handles several brands, ma'am. You start Monday at twenty-eight dollars an hour, fully remote. We just need to get your equipment shipped. The company covers the laptop, you only handle the courier insurance, which is one hundred and forty dollars, refunded in your first paycheck. Innocent: I have to pay to start a job? Suspect: It's not paying for the job, it's insuring the equipment in transit. Everyone on the team did the same thing. Can you do the transfer this afternoon so we can lock in your Monday start?",1
"[Greetings], this is [Name] from the [Company] courier service. We have  received your delivery request to [Location]. Could you kindly confirm the dimensions and weight of the package before we schedule it?",0
"[Greetings], this is [Name]. Have you seen the new adaptive gaming controller launched by [Company]? It is designed to be more inclusive. I thought we could explore the features together.",0
"Innocent: Hello? Suspect: I am calling about an invoice your company approved, but the remittance account failed verification. Innocent: Which company are you trying to reach? Suspect: The business linked to this number. Please confirm the accounts-payable email and bank name so I can release the payment. Innocent: I do not handle invoices. Suspect: Your number is listed as the final approver, and the invoice closes today.",1
"[Greetings], this is [Name]. Just a quick reminder about our game night at [Location] this [Day] at [Time]. Bring snacks if you would like—we have  got the cards ready!",0
"Innocent: Hello. Suspect: Hi, this is Michelle with account services. I'm about to send a six-digit verification number to your phone. When it arrives, just read it back to me so I can confirm I'm speaking with the real account owner. Innocent: Why do you need the code? Suspect: It's purely for your protection, ma'am, it proves you're in possession of the phone on file. There it is, it should have just come through. Go ahead and read it to me. Innocent: The message says not to share it with anyone. Suspect: That warning is for strangers, not for us. We're the ones who sent it. Read it quickly please, it expires in sixty seconds.",1
"[Greetings], just wanted to check in and catch up! How is work going with that big project? Also, have you seen that new movie yet? I was thinking we could watch it this weekend if you are free. Oh—and I finally booked that Europe trip I kept mentioning! What is new with you?",0
"Innocent: Hello? Suspect: I am calling because your account was credited twice during a recent adjustment. Innocent: Which account? Suspect: I can identify it after verification. One credit must be returned before the ledger closes. Innocent: I will wait for a statement. Suspect: If the duplicate remains overnight, the system may flag the account and restrict access.",1
"[Greetings], this is [Name] from [Company] Utility Services. We noticed a discrepancy in your recent bill. Would now be a good time to review the details together?",0
"Innocent: Hello. Suspect: Your customer profile qualifies for a travel credit that has not been assigned. Innocent: I do not know what profile you mean. Suspect: It is linked to this phone number. To direct the credit, confirm your preferred payment card. Innocent: Just apply it to the account. Suspect: The credit is external to the account and must be delivered before it expires.",1
"Innocent: Hello. Suspect: Good morning, I'm calling from the pension adjustment office. A recalculation increased your monthly amount and there's back-pay owed to you. Innocent: Back-pay? Suspect: Four hundred and ten dollars, retroactive. To deposit it I confirm the account your pension goes into, since the back-pay comes from a separate fund. Read me the routing and account numbers. Innocent: You already deposit my pension there. Suspect: I see only a masked version for security, sir. Without the full numbers the back-pay can't route, and unclaimed adjustments revert after this cycle. It's your money, let's not leave it behind.",1
"Innocent: Hello, I saw a message on my screen with this number to call, then you called me back. Suspect: Yes, thank you for staying available. That alert means your connection has been compromised. Do not close the window, that will make things worse. Innocent: It says my banking access may be affected. Suspect: That's correct, and that's the priority. I'm going to have you download a small support tool so I can check whether they've reached your bank profile. Then we'll log into your bank together to confirm your balance is intact. Innocent: Together? You'd see my account. Suspect: I only see what's necessary to protect you, and this call is monitored for your safety. The longer that window sits open, the deeper they get. Shall we begin?",1
"Innocent: Hello? Suspect: Hi, this is the pharmacy calling about your prescription refill. It's ready, but your insurance flagged it as filled too early, so there's a hold until Saturday. Innocent: I'm almost out though. Suspect: I understand. Your doctor can request an override, or you can pay the cash price of twenty-two dollars now and seek reimbursement later. No pressure, the hold clears on its own Saturday. Innocent: I have enough to make it, I'll wait. Suspect: Sounds good, we'll text you when it's released. Anything else I can help with? Innocent: No, that's all, thanks.",0
"Innocent: Hello. Suspect: Hi, I'm calling from the billing department. We found an error on your account, you've been overcharged for the last six months and you're owed three hundred and forty dollars back. Innocent: Oh, okay. Which account is this? Suspect: Your monthly service account, sir. Now to credit it back I just need to log into the portal with you. Can you go to your computer and type in the address I give you? Innocent: Can't you just mail a check? Suspect: The system only does electronic reversals, and this credit expires at midnight tonight. It takes two minutes, let's get you your money.",1
Innocent: Hi. Suspect: Someone listed you as an emergency contact on a private social account. Innocent: I do not know what that means. Suspect: I can remove your number if you read the verification code sent now. Innocent: The text says it resets a password. Suspect: The reset is required to detach your number from the account.,1
"Innocent: Hello? Suspect: I am the driver assigned to a delivery for you, but the building access note is missing. Innocent: I am not expecting a delivery. Suspect: It may be a return shipment. Please confirm your address and send the one-time access code from the delivery message. Innocent: That code releases a package. Suspect: Correct, I need to mark it refused so it does not enter the building.",1
"Innocent: Hello. Suspect: Hi, this is Angela from Dr. Patel's office. Before I discuss anything, I need to verify I'm speaking with the right person. Can you confirm your date of birth? Innocent: Um, why do you need that? Suspect: Privacy rules, we can't discuss medical information until we verify identity. If you're more comfortable, you can call us back at the office number on our website or your appointment card, and ask for Angela. Innocent: No, it's fine, it's March twelfth, eighty-one. Suspect: Thank you. I'm calling because your lab results are in and the doctor would like to schedule a quick follow-up. Nothing alarming, she just wants to adjust your dosage. Does Tuesday at two work?",0
"[Greetings], this is Dr. [Name]’s office calling to remind you of your follow-up appointment related to your recent surgery. Please attend as scheduled to ensure proper post-operative care.",0
"Innocent: This is George. Suspect: George, an account linked to your address is being closed with a remaining balance due. Innocent: What account? Suspect: I can identify it after you confirm the final four digits of the payment card. Innocent: I will wait for a statement. Suspect: Closure occurs today, and the balance may be sent for collection without another call.",1
"Innocent: Hello. Suspect: Good morning, this is the account services team at Foundry Savings. Your certificate of deposit matures next Thursday, and if you do nothing it renews automatically at the current rate, which is lower than your existing one. Innocent: I'd totally forgotten about that CD. Suspect: You can renew it, switch to a different term, or withdraw penalty-free during the ten-day grace period. I can't change anything on this call anyway, it takes a branch visit or online banking. This is just a heads-up. Innocent: I appreciate that. I'll come in Saturday. Suspect: Any banker can walk you through the current rates then.",0
"Innocent: Hello. Suspect: Good afternoon, this is the residency records office. A mandatory update to your household file is overdue and your file is flagged for a compliance visit. Innocent: I never got a request. Suspect: The notices go out in batches, and an overdue file triggers the visit automatically, ma'am. To avoid it, complete the update by phone now. I need the full names and dates of birth of everyone in the household, your employer, and your bank for the economic section. Innocent: That's a lot of personal information. Suspect: It's all confidential and protected, but an incomplete file means an in-person visit, which is far more intrusive. Let's finish it quickly over the phone instead.",1
Innocent: Who is this? Suspect: I am with the hosting billing desk. A renewal failed and your website is scheduled to be suspended. Innocent: I do not run a website. Suspect: Then your card may be attached to someone else's account. I need the full card number to locate and remove it. Innocent: I will call my card issuer. Suspect: The renewal will retry before they can trace the merchant account.,1
"[Greetings], this is [Name]. Just reminding you that We are doing a quick group call tonight about the [Product] project. It will only take about 30 minutes—we will cover the next steps and responsibilities.",0
"Innocent: Hello? Suspect: Yes, hello, this is dispatch. We have a crew in your area right now and your address is on today's disconnection list for nonpayment. Innocent: That can't be right, I pay automatically every month. Suspect: I understand, but the system shows two returned payments. The crew will be at your door within forty-five minutes. If you want me to pull your address off the list, I can take a payment over the phone right now, but it has to go through our rapid processing line, not a regular card. Have you used one of the payment kiosks at the pharmacy before? Innocent: You want me to pay at a kiosk? Suspect: It's the only method that posts instantly, sir. Stay on the line with me while you drive there.",1
"[Greetings], It is [Name]. Just a quick reminder about your dentist appointment with [Title][Name] on [Date] at [Time]. Let me know if you want me to drive you or keep you company—happy to help.",0
"Innocent: Hello. Suspect: I am calling from customer retention about a cancellation request under your name. Innocent: I did not cancel anything. Suspect: Then the request may be fraudulent. To restore the account, confirm the email address, date of birth, and the code we send. Innocent: That is a lot of information. Suspect: The cancellation is queued for immediate processing, so we need a complete match before it closes.",1
"[Greetings], this is [Name]. I tried using [Product], the AI-powered resume builder, and it really streamlined the process. Your portfolio could benefit from it too. Want to try it together?",0
"[Greetings], this is [Name] from [Company] Realty. A new property listing has come up in your preferred area. Would you like to schedule a viewing or learn more?",0
"[Greetings], this is [Name] from [Company] University Advisors. You had some questions about our admissions process. Could you please confirm the specific program or faculty you are interested in?",0
Innocent: Hello? Suspect: A camera review linked your vehicle to a restricted lane entry. Innocent: Where did this happen? Suspect: The location is available after I verify the registered owner. Please state your address and date of birth. Innocent: Send the citation. Suspect: The reduced settlement is only available before the citation is mailed.,1
"[Greetings], this is [Name]. I saw your recent post about running a half marathon. That is impressive! I would love to hear how you prepared for it—over a quick chat?",0
"Innocent: Hello. Suspect: Good morning, this is Rita from the Fraud Watch team at Meridian Community Bank. A wire request for seven thousand dollars to an out-of-state account came in on your profile this afternoon, and we verbally confirm wires over five thousand. Did you request it? Innocent: Yes, I'm paying a contractor for a kitchen remodel. Suspect: Understood. I have to ask the required questions. Did anyone tell you to send this, ask you to keep it secret, or claim your money was at risk? Innocent: No, it's my own contractor, I've met him in person many times. Suspect: Perfect, those are the scam patterns we screen for. Your wire will process within the hour.",0
"Innocent: Hello? Suspect: Hi, this is the licensing office about your professional credential. There's a renewal discrepancy that has your license in a pending-suspension state. Innocent: I renewed on time. Suspect: The payment posted but a required verification step was skipped, which the system now flags as incomplete. If it isn't resolved today, the suspension activates and you can't practice until it clears. Innocent: What do you need? Suspect: I verify you against the licensing record, your identification number and date of birth, then take the verification fee of eighty-five dollars to complete the step. Innocent: Shouldn't I do this through the licensing board's website? Suspect: The board routes these to us, and their portal won't show the flag until after the suspension posts. It's faster to resolve it with me right now.",1
"Innocent: Hello? Suspect: Hi, this is the fraud line for your investment account. We detected an attempt to liquidate part of your holdings and wire the proceeds out of state. Innocent: I didn't authorize that. Suspect: We suspected as much. To protect the funds, we move them into a secured holding structure while we investigate, and you initiate it so it's compliant. I'll walk you through the transfer now. Innocent: Shouldn't the brokerage just freeze it? Suspect: Freezing alerts the intruder, who then front-runs the freeze and pulls what they can. Initiating the protective transfer is faster and safer. Open your account and follow my steps.",1
"[Greetings], this is [Name] from [Company] Mortgage Department. You recently inquired about your loan application status. Could you confirm your reference number so we can check the system?",0
"[Greetings], this is [Name] from [Company] Airlines. You recently booked a flight and asked about baggage allowances. Could you provide your booking reference so we can confirm the details for your trip?",0
"[Greetings], this is [Company] Technical Support. We have  received your service request for your [Product]. Would you be available on [Date] at 2:00 PM for a remote troubleshooting session?",0
"[Greetings], It is [Name]. I am  heading to [Company] Mall this afternoon and thought I would check if you needed anything. I remember you mentioned looking for [Product] last week. Want me to look out for it?",0
"Innocent: Hello? Suspect: Hi, this is Rita from the Fraud Watch desk at Capital Community Bank about a wire request for nine thousand dollars to a seller in another state. We call to confirm wires over five thousand. Did you request it? Innocent: Yes, I'm buying a used camper from a seller I met. Suspect: Understood. Required questions: has anyone told you to make this transfer, asked you to keep it secret, or claimed your money was at risk? Innocent: No, I found the camper myself and inspected it in person. Suspect: Perfect, those are the scam patterns we screen for. Your wire will process within the hour.",0
"[Greetings], this is [Name] from [Company] Mentorship Program. I wanted to check in and see how your project is progressing. Do you need any feedback or resources? I am happy to schedule a call to support your work.",0
"Suspect: Hello, is this Margaret? Innocent: Yes, speaking. Suspect: Margaret, it's about your grandson. He's been in an accident and he's at the courthouse right now. I'm the attorney assigned to him. Innocent: Oh my god, is Tyler okay? Suspect: Tyler is fine, but he needs six thousand dollars posted before five o'clock or he stays in custody over the weekend. He's very embarrassed and asked me to tell you not to call his parents. Innocent: He doesn't want me to tell his mother? Suspect: He begged me, ma'am. Now the clerk only takes certified payment. I can send a courier to your home within the hour to collect it.",1
"[Greetings], this is [Company] Billing Department. Your invoice for [Product] has been generated and is due by [Date]. Would you like a digital copy sent via email?",0
Innocent: Hi. Suspect: Your club membership was transferred to a family plan without final approval. Innocent: I am not a member of any club. Suspect: Then I should close the profile. Please confirm your date of birth and payment method. Innocent: I will not. Suspect: The family plan bills at the end of today unless the profile is matched and closed.,1
Innocent: Hello. Suspect: A border-travel authorization linked to your phone number is waiting for verification. Innocent: I did not apply for one. Suspect: I can reject it if you confirm your identification number and current address. Innocent: I will use the official website. Suspect: The authorization may be approved before the online record updates.,1
"Innocent: Hello. Suspect: Good morning, this is the emergency line, is this the family of Nathan Brooks? Innocent: Yes, Nathan's my son, what happened? Suspect: He was brought in about an hour ago, he's stable, but I'm from patient accounts and there's an admission deposit required before the specialist can proceed. Innocent: Which hospital? Is he badly hurt? Suspect: He's stable, ma'am, but the consult is on hold pending the deposit, one thousand dollars, and I can take it by phone so there's no delay in his care. Innocent: Let me call his cell first. Suspect: His belongings are secured in intake, phone included, that's protocol. Every minute the deposit is pending is a minute the specialist spends elsewhere. Shall I take a card now?",1
"[Greetings], this is [Name] from [Company] Human Resources. You have  been shortlisted for the [Title] position. Could you share your preferred date and time for the interview?",0
"[Greetings], this is [Name]. You may have received a digital wallet update notification from [Company]. For any clarifications or concerns, we recommend visiting your nearest service branch rather than acting through links. The staff will verify any required steps in person.",0
"Innocent: This is Maria. Suspect: Maria, your name appears as a sponsor on an application. Innocent: I did not sponsor anyone. Suspect: I can remove you after verifying your income and bank balance. Innocent: Those details are private. Suspect: They are the matching fields used to distinguish the real sponsor from the applicant.",1
"Innocent: This is Paul. Suspect: Paul, your preparer requested a same-day identity check because another filing was received under your name. Innocent: I did not hear from my preparer. Suspect: They use our verification vendor for these calls. I need your date of birth, prior-year address, and the amount of last year's refund. Innocent: I am not giving that out. Suspect: Then both filings may remain open until manual review.",1
"Innocent: Hello? Suspect: I am calling because a new address was added to your identity profile. Innocent: What identity profile? Suspect: The shared record used by several institutions. I can remove the address if you confirm your full legal name, date of birth, and previous address. Innocent: Who operates this record? Suspect: I will provide the reference once the match is complete. The change becomes permanent tonight.",1
"[Greetings], this is [Name]. The local library at [Location] is hosting a board game night this Friday. It is casual and perfect for winding down. Would you like to join me?",0
"Innocent: Who is this? Suspect: I am following up on an emergency repair authorization under your address. Innocent: I did not authorize any repair. Suspect: Then we need to cancel the crew before they arrive. There is a dispatch fee, but it is refunded once the cancellation is verified. Innocent: I am not paying a cancellation fee for something I did not order. Suspect: The crew is already en route, so the fee increases after arrival.",1
"Innocent: This is Priya. Suspect: Priya, it's the director, I'm between sessions at the summit so I'll be quick. I need something handled before the day ends and I can't reach accounting. Innocent: You sound a bit different, is the line okay? Suspect: Terrible reception in here. Listen, we're locking a partner arrangement and there's a deposit that must go out today or the terms lapse. I need you to send it, I'll forward the account details from my personal address since I'm off the network. Innocent: Shouldn't finance handle a transfer? Suspect: They're offsite and I'm trusting you specifically. Keep it quiet, it's still confidential. Can you do it in the next hour? Innocent: I suppose. Suspect: Watch for my message. This helps me a lot.",1
"[Greetings], this is [Name] from [Company] Financial Aid Office. We wanted to inform you that the government has extended student loan payment relief options until [Date]. If you have questions or would like to verify your eligibility, please visit your nearest [Company] branch during working hours. Our staff will assist you with any documentation you may need to bring.",0
"[Greetings], this is [Name]. I found a donation drive for displaced communities in [Location], hosted officially by [Company]. If you want to verify or contribute directly, they have a branch near [Location] where you can speak with coordinators.",0
Innocent: Hello? Suspect: A conference booking using your email has an unpaid balance. Innocent: I did not register for a conference. Suspect: I can cancel it if you verify the payment card. Innocent: I never supplied a card. Suspect: Then we should identify the card used before the balance converts to a full charge.,1
"Innocent: Hi. Suspect: A payment profile using your name was marked as abandoned, and the remaining balance is being redirected. Innocent: I do not know what profile you mean. Suspect: I can stop the redirect if you confirm your bank and the code sent to your phone. Innocent: I will not share a code. Suspect: Then the system will assume the profile owner approved the new destination.",1
"[Greetings], this is [Company] HR. We would like your feedback on your recent internal training on “[Product].” Your insights help improve our programs. The survey link is in your inbox.",0
Innocent: Hello. Suspect: Your business account shows a duplicate vendor payment. Innocent: I do not own a business. Suspect: Then we need to remove your details before the second payment is issued. Confirm the bank account that should not receive it. Innocent: That is not a valid way to verify fraud. Suspect: It is the only matching field available in the payment file.,1
"[Greetings], this is [Company] Coaching. We are hosting a workshop on stress management and mindfulness on [Date]. Reserve your spot now to learn calming techniques for daily life.",0
"Innocent: Hello. Suspect: Good afternoon, this is the county jury office. You were summoned for service and failed to appear, and a penalty has been assessed against your name. Innocent: I never received a summons. Suspect: It was mailed to your address, and nonreceipt isn't a defense once the penalty posts, sir. The amount is four hundred and fifty dollars. To avoid it going to enforcement, you can clear it today over the phone. Innocent: A jury penalty paid by phone? That's not how courts work. Suspect: The court contracts collection to our office. If you decline, an officer serves the documents at your home or workplace, which most people prefer to avoid. I can settle it discreetly right now.",1
"[Greetings], team! Let us tackle this chemistry assignment together. Feel free to drop your ideas, useful links, or progress updates here. Looking forward to collaborating and making this a success!",0
"[Greetings], this is [Name] from [Company] Tech Store. I wanted to follow up on your interest in the new [Product] we discussed last week. The demo units just arrived, and I can reserve a trial slot for you. Would [Date] at [Time] work?",0
"[Greetings], this is [Name]. I finally tested the fitness tracker you recommended. The sleep insights are spot-on. Would you like to compare notes on usage tips?",0
"Innocent: Hello. Suspect: Hi, this is flight support calling about your booking tomorrow. Your flight was cancelled due to a scheduling conflict and you've been moved to a route with two stops arriving nine hours later. Innocent: Oh no, I have a wedding to get to! Suspect: I see that it's tight. There is one seat on a direct flight leaving thirty minutes earlier than your original, I can hold it for ten minutes. There's a rebooking difference of one hundred and eighty-eight dollars. Innocent: The airline app still shows my flight as on time. Suspect: The app lags behind the operations system by up to twelve hours, that's why we call. Once the cancellation posts tonight, that seat will be gone and you'll be fighting two hundred other passengers for scraps. Card number when you're ready.",1
"Innocent: Hello. Suspect: Good morning, this is the account services team at Pinnacle Savings. We noticed your certificate of deposit matures next Tuesday, and if you do nothing it auto-renews at the current rate, which is lower than what you've been earning. Innocent: Oh, I'd forgotten all about that CD. What are my options? Suspect: You can let it renew, move it to a different term, or withdraw without penalty during the ten day grace window after maturity. I'm not able to make changes on this call anyway, it requires you to come into a branch or log into online banking, this is just a heads-up so the window doesn't slip by you. Innocent: I appreciate that. I'll stop by the branch Saturday. Suspect: Perfect, any banker there can walk you through the current rates.",0
"Innocent: This is Henry. Suspect: Henry, your household was selected to cover an emergency shortfall for the community program. Innocent: Selected by whom? Suspect: The committee used the member list. A small temporary contribution will be returned after the next meeting. Innocent: I did not agree to that. Suspect: The allocation is already recorded under your name.",1
"[Greetings], this is [Company] Social Network Help Desk. You are having trouble accessing your account. Can you provide your registered email address for us to begin the recovery process?",0
"[Greetings], this is [Company] Bank Customer Support. We are calling to confirm a few recent changes to your account preferences. Is now a good time to walk through them together?",0
"[Greetings], this is [Company] Medical Centre. You had a question about your medication dosage. Could you please provide your prescription ID so we can reference it correctly?",0
"[Greetings], this is [Name] from [Company] Logistics. You would like to schedule a pickup for a return item. Can you provide the tracking number and preferred date so we can confirm the appointment?",0
"[Greetings], this is [Company] Courier Services. Your package will be delivered on [Date] between 10:00 AM and 2:00 PM. Please ensure someone is present to sign.",0
Innocent: Hello? Suspect: I am calling about a materials-replacement balance on your library account. Innocent: I returned everything. Suspect: One item was checked in under a different barcode. I can clear the balance if you make a temporary card payment. Innocent: I will go to the branch. Suspect: The account is scheduled for external collection before the branch opens tomorrow.,1
"[Greetings], this is [Company] Foundation. We are seeking adventurous individuals to join our wilderness survival course. Want to learn fire-building, shelter-making, and more in nature?",0
"Innocent: Hello. Suspect: Good afternoon, this is the water district billing office. A meter reading correction found you overpaid, and you're owed a credit. Innocent: A credit, from overpaying? Suspect: Two hundred and ten dollars over the last two cycles, ma'am. Since we no longer mail refund checks, I'll deposit it directly, I just need the routing and account number. Innocent: Wouldn't you have my account if you bill me? Suspect: Billing and refunds run on separate systems, standard security separation. Without the account confirmed today, the credit rolls to next year and reclaiming it requires a written petition. The quick way is right now, so read me the numbers whenever you're ready.",1
"Innocent: Hello. Suspect: Good afternoon, I'm calling on behalf of the alumni foundation. We're honoring long-time supporters and you've been selected for a commemorative recognition. Innocent: That's kind. Suspect: It is well deserved. The recognition comes with a small tribute grant of three hundred dollars in your name. To disburse it, we confirm your identity against the alumni record, your date of birth and the account you'd like it sent to. Innocent: This is the first I'm hearing of a grant. Suspect: These are quiet honors, we don't publicize them. If we can't verify you today, the tribute passes to the next honoree, and I'd truly rather it be you.",1
"Innocent: Hello, this is Grace. Suspect: Hi Grace, this is Officer Reyes with campus security at Milton University, where your daughter Chloe is enrolled. First, Chloe is completely fine, nothing has happened to her. Innocent: Okay, you scared me for a second. What's going on? Suspect: Her wallet was turned in at the library with her student ID and two bank cards inside. We have it locked in our office. We tried her cell but it went to voicemail, so we're calling her emergency contact. Innocent: That girl loses everything. I'll text her to pick it up. Suspect: Perfect, she just needs to come by the security office in the union building with some form of ID, we're open around the clock. Innocent: Thank you, Officer.",0
"Innocent: Hello? Suspect: Hi, I'm calling from the device protection team for your phone. Our system shows your handset was reported as possibly counterfeit and it may be deactivated by the network. Innocent: Counterfeit? I bought it from a real store. Suspect: That's likely why you're eligible to clear it quickly, sir. To prove the device is genuine, read me the identification number from your settings and the account login for your carrier so I can whitelist it. Innocent: Give you my carrier login? Suspect: Only to whitelist the device before deactivation, which is scheduled for tonight. Once it's off, restoring service takes weeks and a fee. Let's protect your number now.",1
Innocent: Hi. Suspect: A device was issued under your child's student profile and has not been returned. Innocent: My child did not receive a device. Suspect: Then the record may be wrong. I can clear it if you confirm the student's ID number and make a temporary hold payment. Innocent: I am not paying for an error. Suspect: The replacement charge posts automatically at the end of the day.,1
"[Greetings], It is [Name]. I have  been meaning to ask—are you still planning that [Product] trip? I might have a few tips from when I went last year. Want to chat about it?",0
"Innocent: Who is calling? Suspect: My name is Nia, calling about an address mismatch on a card delivery. Innocent: I am not expecting a card. Suspect: That is why this was escalated. Someone entered a temporary address and selected express delivery. I can block it, but I need the expiration date from your existing card to verify the account. Innocent: I will contact my bank. Suspect: You can, but once the package receives a tracking scan, our desk cannot reverse it.",1
"Innocent: Hello. Suspect: Good afternoon, this is the security operations desk at Trailhead Credit Union. We saw a login to your account from a new device this morning and want to confirm it was you. Innocent: I just set up online banking on my new tablet, so that's probably me. Suspect: A new tablet would register as an unrecognized device, so that lines up. If it was you, there's nothing to do. Innocent: Do you need anything from me? Suspect: No, and we'll never ask for your password or a code on a call like this. You can review your device list yourself under security settings anytime. Innocent: Good, thanks for checking.",0
"[Greetings], this is [Company] Observatory. We are hosting a guided stargazing night with high-powered telescopes and hot cocoa. Want to explore the cosmos with us on [Date]?",0
"[Greetings], this is [Company] Internet Services. We are performing maintenance in your area on [Date] from [Time]. Services may be briefly interrupted. Thank you for your understanding.",0
"Innocent: Who is this? Suspect: I am with the identity review desk for a social platform. Your profile was reported as duplicated. Innocent: I do not use that platform. Suspect: Then someone may be using your identity. Please send a photo of your identification so I can remove the duplicate. Innocent: No. Suspect: Without proof, the active profile may be treated as the legitimate one.",1
"Innocent: Hello. Suspect: Good morning, I'm calling from the customs clearance office about an international shipment addressed to you that's being held for duty. Innocent: I didn't order anything from abroad. Suspect: Someone may have sent it as a gift, sir, but regardless the duty must be paid to release or return it, and a return generates a fee you'd owe. Innocent: How much is the duty? Suspect: Fifty-eight dollars, payable now by card to release it for delivery tomorrow. Innocent: This feels like a scam. Suspect: I understand the suspicion, but the item is logged under your address and the hold expires tonight. If it isn't paid, the return fee applies to you regardless, so releasing it is actually the cheaper path.",1
"Innocent: Hello. Suspect: I am calling from the membership office about a pledge recorded under your name. Innocent: I did not make a pledge. Suspect: I can remove it after verifying the card associated with your household profile. Innocent: There is no card on file. Suspect: The record shows one, which may be why the pledge was accepted.",1
"Innocent: Hi. Suspect: Your employer registered you for a mandatory training session, but the identity check is incomplete. Innocent: My employer did not mention training. Suspect: The request came from an automated roster. Please read the sign-in code sent to your work account. Innocent: I am not signing in for you. Suspect: Without verification, your completion status may be marked overdue.",1
"[Greetings], this is [Name]. I am helping coordinate volunteers for a youth outreach event at [Location] on [Date]. Your experience would be so valuable. Would you be open to joining the team?",0
"Innocent: Hi. Suspect: We are contacting long-term customers about a complimentary account upgrade. Innocent: What company is this? Suspect: The partner name appears on the enrollment page. I only need a card to verify eligibility; no charge is kept. Innocent: I am not giving a card for something complimentary. Suspect: The verification hold disappears automatically, but the upgrade window closes today.",1
"[Greetings], this is [Name]. I started using a smart grocery app that recommends recipes based on what is already in your fridge. You might find it helpful too. Let us compare how it works for us.",0
Innocent: Hello? Suspect: I am calling about the web address registered to your business. The renewal contact was changed this morning. Innocent: I did not change it. Suspect: I can restore the prior contact if you confirm the account email and read the code we send. Innocent: I will sign in myself. Suspect: Signing in may approve the pending transfer if it is already awaiting confirmation.,1
"Innocent: Who is this? Suspect: I am handling a buyer-protection case tied to your phone number. Innocent: What case? Suspect: I can open it after confirming your card number and billing ZIP code. Innocent: I am not giving that out. Suspect: If the case closes unanswered, the disputed purchase may be treated as yours.",1
"Innocent: Hello? Suspect: Hi, this is the fraud team for your bank. We stopped a withdrawal at an out-of-state branch using your details, and we believe your identity is being used elsewhere too. Innocent: That's frightening. Suspect: To protect you, our officers are coordinating with your bank, but they need to confirm which accounts are exposed. Read me your account numbers and current balances so I can flag each one as protected before the intruder moves. Innocent: Shouldn't the bank already have my account numbers? Suspect: I'm the external fraud unit, ma'am, I only see masked data. Without the full numbers I can't protect the accounts, and every minute they stay unflagged is a minute the intruder can act.",1
"Innocent: Hello, this is Bill. Suspect: Hi Bill, this is Tina from Lakeside Toyota's service department. We're calling because your vehicle is included in a manufacturer safety recall for the fuel pump. Innocent: A recall? Is it dangerous to drive? Suspect: It's a precautionary recall, but we do recommend scheduling soon. The repair is completely free, parts and labor, it usually takes about two hours. Innocent: What do you need from me? Suspect: Just a time that works for you. You can also verify the recall yourself by entering your VIN on the national recall website if you'd like peace of mind before booking. Innocent: Okay, how about next Friday morning? Suspect: Friday at nine works. We'll have a loaner available if you need one.",0
"[Greetings], this is [Company] Courier Services. Your parcel #[Number] is ready for pickup. If you require redelivery or need to update your address, contact our support centre.",0
"Innocent: Hello? Suspect: Hi, this is the verification unit for your new bank account application. To complete the approval I need to confirm a few details. Innocent: I didn't apply for a new account. Suspect: Then someone applied using your identity, which is serious, ma'am. To stop the fraudulent account from opening, I need you to verify your real identity, your date of birth, and your existing account numbers so we can distinguish you from the impostor. Innocent: This sounds backwards. Suspect: I know it's confusing, but if we can't confirm the real you today, the fraudulent account opens and your credit is affected. Confirm your details so I can block the impostor before end of day.",1
"Innocent: Hello, Linda speaking. Suspect: Linda, hi, it's Pastor Mike's assistant. He's at the conference all week but he asked me to reach out to a few trusted members of the congregation. Innocent: Oh, of course, is everything alright? Suspect: There's a family in crisis, he's asked that it be kept confidential, and he's collecting emergency support today. He specifically mentioned you as someone dependable. The simplest way is digital vouchers from the supermarket, so the family can use them immediately. Could you manage three hundred dollars worth? He'll recognize it from the pulpit fund later. Innocent: That's unusual, he normally announces these things. Suspect: The family's situation is sensitive, Linda. He's trusting your discretion on this one.",1
"[Greetings], this is [Name]. I joined a group on [Company] that evaluates emerging AR devices, and they are looking for new testers. You might enjoy giving feedback on early tech. Want me to connect you?",0
"Innocent: Hello? Suspect: Hi, this is Renata about your health plan. Good news, a premium adjustment went through and you're owed money for the past few months. Innocent: That's nice. Suspect: Three hundred and eighty dollars. We stopped mailing checks due to theft, so I'll deposit it directly. Which bank do you use? Innocent: Shouldn't you have that if you bill me? Suspect: Billing and disbursement run on separate systems, standard security separation. I just need the routing and account number and it lands in two days. It reverts to the general fund Friday if unclaimed.",1
"[Greetings], this is [Name]. I just wanted to say thank you for being such a supportive friend. Your advice last week really helped me with a difficult situation. I would love to talk more about it if you are free later today.",0
"Innocent: Hello. Suspect: Good morning, this is the resolution department about your outstanding matter. We've tried reaching you several times. Innocent: What matter? Suspect: There's a flag on your profile that blocks me from details until I verify you. Confirm your date of birth and the number on file. Innocent: You called me. You should know who I am. Suspect: Declining verification is recorded as non-cooperation, ma'am, which carries its own consequences. I'm offering the simple route.",1
Innocent: Hello. Suspect: A paid membership was opened using your phone number. Innocent: I did not open one. Suspect: I can cancel it if you confirm the card used on your mobile wallet. Innocent: I will check my statements. Suspect: The membership renews before pending charges appear on most statements.,1
"Innocent: Hello? Suspect: Hi, this is the fraud prevention desk for your bank. We detected that malware on your device may be intercepting your banking, and we need to secure your session. Innocent: Malware? How? Suspect: It can come from anywhere, sir, and it's silent. To protect your money, I'll help you install our secure banking tool, then we log into your account together so I can confirm the balance is untouched and lock the intruder out. Innocent: Log in together? You'd see everything. Suspect: I see only what's needed to protect you, and this call is recorded for your safety. The longer the malware runs, the more it captures. Let's install the tool and secure your account right now.",1
"Suspect: Good evening, sir, I'm calling on behalf of the local first responders benevolent association. We're funding protective vests this year. Innocent: I think I've donated to something like this before. Suspect: Then you know how much it means to the men and women out there. This year we're behind target, and frankly, when residents don't support the association, well, response times and community relationships reflect what a neighborhood puts in. Innocent: Are you saying service depends on donations? Suspect: I'm saying nothing of the sort, sir, only that supporters receive a decal for their window, and our people notice the decal. Fifty, seventy-five, or a hundred tonight? I can process it right now.",1
"Innocent: Hello. Suspect: Hi, the card security line. We've confirmed your card was cloned and used at two locations this morning. Innocent: What do I do? Suspect: We blocked the copies. The card in your possession needs deactivation and destruction, but the chip returns for forensics. A courier is available today. Cut the card in half, leave the chip intact, seal it in an envelope. Innocent: You send people to houses? Suspect: For confirmed cloning, yes, it's evidence. Also, write your PIN on a slip inside so forensics can test whether the copies had it. Innocent: My PIN? Suspect: It goes straight into evidence, sir, no human reads it.",1
"Innocent: Who is this? Suspect: I am assigned to close an administrative matter under your name. There is still an opportunity to resolve it voluntarily. Innocent: What office are you with? Suspect: I will provide the office and case number after confirming the last four digits of your identification number. Innocent: No. Suspect: Then I have to note that you declined verification, and the next contact may be in person.",1
"Innocent: Hello. Suspect: Good afternoon, this is the customer resolution line for your internet provider. We're issuing loyalty credits to long-term customers and you qualify for one. Innocent: A credit, that's nice. Suspect: Ninety dollars, sir. To apply it to your account I confirm the card on file by the number and the three security digits. Innocent: You'd already have my card if you bill me. Suspect: The credit system is separate from billing for security. Without the card confirmation the credit can't post and it expires from the loyalty batch tonight. Read me the card and I'll apply it before it's gone.",1
"[Greetings], this is [Name]. I just joined a podcast series on future tech hosted by [Company] and the latest episode was about brain-computer interfaces. I think you would enjoy it. Shall I send you the link?",0
"Innocent: Hello? Suspect: Hi, this is the safety recall line for the car seat model registered to your family. Innocent: Oh, we do have that seat. Is it dangerous? Suspect: There's a defect, and we're prioritizing families with young children. The replacement is free, but there's a shipping and handling deposit of thirty-nine dollars to dispatch it overnight, refunded when you return the old unit. Innocent: A recall usually doesn't cost anything. Suspect: The seat is free, ma'am, only the expedited shipping carries the deposit, and given the defect I wouldn't wait for standard mail. I can take the deposit now and have it to you tomorrow. What card should I use?",1
"[Greetings], this is [Name]. There is a small poetry open mic happening on [Date] at [Company] Café. I remember you used to write—want to go and share something?",0
Innocent: Hello. Suspect: I was referred to you because you may have funds sitting in a low-yield account. We are opening a limited group for a short-term strategy. Innocent: Who referred me? Suspect: The referral list only shows initials. I can reserve the allocation with a small transfer while we verify eligibility. Innocent: I am not sending money to someone I do not know. Suspect: The window closes when today's market session ends.,1
"[Greetings], this is [Name] from [Company] Logistics. You are looking to ship a package internationally. Could you let us know the destination country and estimated weight so we can assist with rates and timelines?",0
"Innocent: This is Susan. Suspect: Susan, your coverage is scheduled to lapse because an electronic signature is missing. Innocent: I have not received any notice. Suspect: I can complete the signature verification by reading you a link and taking a card hold. Innocent: I will contact my agent. Suspect: A lapse can occur automatically at midnight.",1
"Innocent: Hello. Suspect: Your address is listed as the delivery point for a household shipment with an unpaid release fee. Innocent: I am not expecting a shipment. Suspect: It may belong to a prior resident. I can remove your address after a refundable verification payment. Innocent: I will not pay. Suspect: Without removal, the carrier may continue billing storage to the delivery address.",1
"Innocent: Hello? Suspect: I am calling from the association payment desk. Your unit has an outstanding special assessment that was not included in the normal statement. Innocent: Our association emails notices. Suspect: The email was sent to the address on file, but the deadline is today. I can prevent a late filing with a card payment now. Innocent: I will call the property office. Suspect: They cannot take payments after the batch is submitted.",1
"[Greetings], this is [Company] School. We are reminding you about the upcoming parent-teacher meeting on [Date]. Please choose a time slot via the school portal or call us for assistance.",0
"[Greetings], this is [Name] from [Company] Pet Clinic. Just doing a quick follow-up to check how your pet is doing post-visit. If there are any side effects or behaviour changes, feel free to let us know—We are here to help.",0
"Innocent: Hello? Suspect: Your tuition payment was routed to an outdated account and needs to be resent. Innocent: I have no tuition payment due. Suspect: Then someone may have used your details. To reverse it, confirm the bank name and account number used for prior payments. Innocent: I will contact the institution directly. Suspect: Once reconciliation closes, the funds may be unrecoverable.",1
"Innocent: Hello? Suspect: Good morning. This is a follow-up on the incident report attached to your phone number. The case has been assigned to me and I'm required to complete your interview today. Innocent: What incident? I haven't reported anything. Suspect: The report isn't from you, ma'am, it names you. That's all I can share until identity verification. This is your opportunity to give your side before conclusions are drawn without you. Innocent: This sounds completely made up. What agency are you even with? Suspect: The assigning office will be disclosed in the formal summary, which you'll receive after the interview. Refusing the interview is your right, but silence is treated as an admission in the preliminary finding. Now, verify your full legal name and date of birth, and we can protect your position in this matter.",1
"[Greetings], this is [Name]. I wanted to check in on how your new job is going. Starting a new role can be overwhelming, and I just wanted you to know I am here to talk if you need to. Let us catch up soon.",0
Innocent: Who is this? Suspect: I am handling a roadside claim tied to your phone number. The service provider says the customer refused payment. Innocent: I did not request roadside service. Suspect: Then we need to mark the charge as unauthorized. I can do that after confirming the card on the policy. Innocent: Contact my insurer. Suspect: The provider will submit the charge before they receive a response.,1
"Innocent: Hello? Suspect: Hi, this is the payroll partner for your employer's benefits. We're issuing a correction, you were under-contributed to your savings match and a make-up amount is owed to you. Innocent: I wasn't aware of any shortfall. Suspect: It's common, the system caught it in an audit. The make-up is two hundred and sixty dollars. To route it I need the bank details where you'd like it deposited, separate from payroll since this comes from the correction fund. Innocent: Wouldn't this go through my normal paycheck? Suspect: Corrections can't touch the payroll rail, it's a separate disbursement. If we can't confirm your account today, it reverts and reapplying takes a full cycle.",1
"[Greetings], It is [Name]. I am  planning a surprise for [Name]’s birthday and could really use your help. Can I call you later to coordinate details?",0
"[Greetings], this is [Company] Parks Department. Join us for our community picnic on [Date]! There will be games, local food vendors, and family-friendly fun all day long.",0
"[Greetings], It is [Name]. How did your appointment at [Company] go? I would love to catch up and hear all about it.",0
"Innocent: Hello, this is Ava. Suspect: Ava, a traveler profile using your phone number requested priority rebooking after a cancellation. Innocent: That was not me. Suspect: I can remove the request, but a service deposit was already authorized. I need the code sent to your phone to void it. Innocent: I will call the carrier. Suspect: The deposit posts automatically when the call queue closes.",1
"Innocent: Hello? Suspect: Hi, this is Rico from Summit Electric. I'm calling to let you know about a planned outage in your neighborhood Sunday from one to five a.m. for equipment upgrades. Innocent: Do I need to do anything? Suspect: Nothing at all, just a courtesy heads-up. If anyone in the home uses powered medical equipment, there's a support line on our site for medical baseline customers to plan ahead. Innocent: No, nothing like that. Will you need meter access? Suspect: No, all the work is at the substation. You can see the outage map anytime on our website or app. Innocent: Great, thanks for the notice.",0
Innocent: Hello? Suspect: I am with contractor onboarding. A client requested you by name for a short project. Innocent: Who is the client? Suspect: The agreement prevents disclosure until identity verification. Please send a photo of your identification and confirm your home address. Innocent: I need a written contract first. Suspect: The client is choosing between two people and needs verification within the hour.,1
"[Greetings], this is [Name] from [Company] Social Services. You may be eligible for continued food subsidy under the revised program. For re-evaluation, please visit our district support office and bring updated income verification.",0
"[Greetings], this is [Name] from [Company] HR Department. We noticed that you applied for a remote position with us. Interviews are being conducted online, but for contract finalization and identity verification, we request applicants to visit their nearest [Company] office with valid identification.",0
"[Greetings], this is [Company] Museum. We are pleased to invite you to the opening of our exclusive art exhibit on [Date]. Free entry is available for members—reserve early to secure your spot.",0
"[Greetings], this is [Name]. I am organizing a surprise appreciation call for [Name] this weekend. It would be great to have you join and share a few kind words. Let me know if you are available.",0
"Innocent: Hello. Suspect: I am interested in the room you advertised. I am relocating and can pay the deposit today. Innocent: We have not even spoken about the lease. Suspect: My employer handles everything. They sent too much by mistake, so once it arrives, return the difference to the mover. Innocent: I will wait for the payment to clear. Suspect: The mover needs confirmation today or I lose the relocation slot.",1
"Innocent: Hello? Suspect: Hi, this is the account team for your email provider. We're retiring an old security setting and accounts that don't confirm ownership will be locked during the migration this weekend. Innocent: How do I confirm ownership? Suspect: I'll send a verification code to your recovery phone. Read it back and I mark your account confirmed so it survives the migration. Innocent: The message says it's a sign-in code and not to share it. Suspect: The migration reuses the sign-in system, so the wording is generic, but in this context it's an ownership confirmation. Read it now, ma'am, the migration batch for your account runs in the next hour and unconfirmed accounts get locked.",1
"Innocent: This is Jack. Suspect: Jack, your home-service membership was upgraded after a phone request. Innocent: I made no request. Suspect: I can reverse it if you read the code sent to your phone. Innocent: That code authorizes a purchase. Suspect: The system labels both upgrades and reversals as purchases.",1
"[Greetings], It is [Name]. I came across the playlist you made for our road trip a while back—it still slaps! Want to make a new one for the next time we hang out?",0
"Suspect: Good afternoon, may I speak with the homeowner? Innocent: Speaking. Suspect: Wonderful. I'm following up on the notice we left about your home's eligibility review. Your property qualifies for a reduced-rate program, but today is the final enrollment day for your street. Innocent: I didn't see any notice. Suspect: They go out in batches, it may still be in your mail. Either way, I can hold your spot right now. There's a one-time enrollment fee of eighty-nine dollars that's fully applied to your first statement. Innocent: What program is this exactly? Suspect: It's the regional efficiency initiative, ma'am. I have two spots left for your block and another call waiting. Shall I use the card ending in the one you normally pay bills with?",1
"Innocent: Hello. Suspect: I am calling from the processing desk used by your tax preparer. A refund account was changed after your return was accepted. Innocent: Who is my preparer? Suspect: I only see the firm code. To restore the original account, confirm your routing number and the last four digits of the destination account. Innocent: I will contact the firm. Suspect: The payment file closes today, and the preparer cannot edit it after release.",1
Innocent: Hi. Suspect: Your premium payment was applied to the wrong policy. Innocent: My payment cleared normally. Suspect: It may still show as cleared while sitting in suspense. I can transfer it if you confirm your bank account number. Innocent: I will call my agent. Suspect: The grace period ends before the agent's office opens.,1
"Innocent: Hello. Suspect: A payroll correction was approved, but the destination account is missing one field. Innocent: I did not request a correction. Suspect: I can cancel it if you confirm your routing number. Innocent: Payroll already has my information. Suspect: The correction came through a separate case system that does not display the original account.",1
"Innocent: Hi. Suspect: We are validating participants for a service-quality panel. Your number was provided by a company you recently used. Innocent: Which company? Suspect: I cannot name it before consent. To confirm eligibility, I need the first six digits of the card you used. Innocent: No. Suspect: Those digits identify the card type, not the account, and the participation slot will expire shortly.",1
"Innocent: Hello, this is Grace. Suspect: Hi Grace, this is Officer Lang with campus safety at Fairmont College, where your son Ethan is enrolled. First, Ethan is completely fine. Innocent: Okay, you had me worried. What's going on? Suspect: His backpack was turned in at the rec center with his ID and a bank card inside. It's secured in our office. His phone went to voicemail, so we called his emergency contact. Innocent: That's him, always losing things. I'll let him know. Suspect: He just needs to come by the safety office in the main hall with an ID. We're open all hours. Innocent: Thank you, officer.",0
"[Greetings], It is [Name]. Just checking in—how is your week going so far? Let us catch up before the weekend hits, over a short call or a walk.",0
"[Greetings], this is [Company] Pharmacy. Your prescription for [Product] is up for a refill. Would you like us to auto-renew it or arrange a pickup? We also noticed you are eligible for a discount on your next purchase—shall we apply it?",0
"[Greetings], this is [Name]. I visited the new museum exhibit at [Location], and it was fascinating. I remember you mentioned being into [Product]-related history. Want to visit together this weekend?",0
Innocent: Hello? Suspect: I am returning your call about the hold placed on a transfer ending in 18. Innocent: I never called anyone. Suspect: The request may have been submitted through the automated line. I can cancel it if you confirm the reference number in the message we just sent. Innocent: The message says it is a login code. Suspect: That is how the cancellation console verifies the account holder. The transfer will leave the review queue in twelve minutes.,1
"Innocent: Hello, this is Tom. Suspect: Tom, this is the fraud desk. We've been monitoring a device in another state that's been logging into your account since Tuesday. Innocent: What? Nobody else should have access. Suspect: Correct, which is why your money is at risk as we speak. Our protocol is to move your balance into a secured government-partnered account until the device is traced. I'll guide you through the transfer from your banking app. It has to be initiated by you so it's legal. Innocent: Wouldn't the bank just freeze the account? Suspect: Freezing tips off the suspects and they drain it first, we've seen it a hundred times. Open your app for me now, we're already behind.",1
"[Greetings], this is [Name]. I hope everything is going well with your studies. I remember you mentioned a big project due this week. Let me know if you need someone to proofread or bounce ideas with.",0
"[Greetings], this is [Company] Electronics. Our latest [Product] is now available with exclusive features and a launch-time offer. Would you like to upgrade your current device today?",0
"[Greetings], this is [Name]. I just subscribed to the new [Product] service, and it includes some cool features. You were looking for something similar last month. Want to check it out on a call?",0
"Innocent: This is Laura. Suspect: Hi Laura, it's Ben from the helpdesk. I'm calling because our monitoring flagged your account attempting to sync with an old server we decommissioned, it's generating errors on our end. Are you by chance using the old mail shortcut from before the migration? Innocent: I might be, I just click whatever's on my desktop. Suspect: That'd do it. Can you look at the icon name? If it says Outlook Legacy, that's the old one. Innocent: Yes, it says Legacy. Suspect: Just drag that one to the trash and use the one called Outlook in your dock, your mail and everything is already in there, nothing gets lost. No passwords needed, it's already signed in through the company system. Innocent: Done. That was easy. Suspect: That's the dream, one-click fixes. Call the desk if anything acts up.",0
"[Greetings], this is [Name]. I attended a mindfulness seminar over the weekend and found it really insightful. You might enjoy it too—they have another session this [Date]. Would you like the info?",0
"Innocent: Hello? Suspect: Hi, this is Sam from Apex Fitness. Your membership card was found at the front desk last night, and we noticed a check-in an hour after you'd already left. Innocent: I was only there once, in the morning. Suspect: We figured, someone may have used your card after you dropped it. We've deactivated it and there's a free replacement waiting at the desk. Innocent: Was anything charged to me? Suspect: No, the card only opens the door, your billing is separate and untouched. Just bring a photo ID to pick up the new one. Innocent: Great, thanks for catching that.",0
"[Greetings], this is [Company] Electronics. We are offering bundle discounts this week on selected items. Would you like us to email you the promotion details?",0
"[Greetings], this is [Name]. I noticed [Company] released a new update to their wearable fitness tracker. The new sleep tracking and heart monitoring features look promising. Are you planning to upgrade?",0
"[Greetings], this is [Name] from [Company] Wellness Network. We are organizing scam prevention seminars at our regional center starting next week. If you or a senior in your family would like to attend, please register in person at the main counter.",0
Innocent: Hello? Suspect: Please do not hang up. Your nephew asked me to call because his phone was taken while he is being processed after an accident. Innocent: What is my nephew's name? Suspect: He said you would recognize the situation and not ask questions on an open line. A bond payment must be arranged before the office closes. Innocent: Put him on the phone. Suspect: He is not allowed to speak until the payment reference is issued.,1
"[Greetings], this is [Company] Library. Your borrowed book “[Product]” is due soon. You can return it at any branch or extend the due date online. We also have new arrivals in your preferred genre—would you like a recommendation?",0
"Innocent: Hello? Suspect: Hello, I'm calling from the estate resolution office of a law firm overseas. We've spent eight months locating you. A relative on your father's side passed away leaving no direct heirs, and you are the closest verified match. Innocent: A relative overseas? I don't think we have family abroad. Suspect: Records going back generations say otherwise, sir. The estate is valued at two hundred and sixty thousand dollars. Our firm handles the transfer, but international probate requires the beneficiary to cover the certification costs, which are one thousand two hundred dollars. Innocent: Can't the costs come out of the estate? Suspect: The estate is frozen until certification, that's precisely what the certification unlocks. It's the law of that jurisdiction, not ours. Most beneficiaries borrow the amount, considering what's waiting on the other side.",1
"Suspect: Hi, is this Eleanor? Innocent: Yes. Suspect: Eleanor, this is the desk officer handling a matter involving your grandson. He's here now and it's a delicate situation. Innocent: Is Marcus hurt? Suspect: He's unharmed, but he's being held pending a payment that clears him, and he asked me to reach you rather than his parents, he's ashamed. Innocent: How much? Suspect: Four thousand two hundred, and it has to be arranged this afternoon or he stays through the weekend. He asked that this stay between the two of you. I can arrange a discreet pickup at your home. Innocent: He doesn't want his mother to know? Suspect: He was very clear about that, ma'am. He's counting on your discretion.",1
"Innocent: Hello? Suspect: Hi, this is Nina from TechHaven support about the router return you started last week. The label was emailed but tracking hasn't activated, so I wanted to be sure you got it. Innocent: I got the email, just haven't printed it. Suspect: No problem, you've got thirty days. I only wanted to make sure it didn't land in spam, since your refund posts once the unit arrives back. Innocent: Do you need my card to confirm the refund? Suspect: No, it goes back to your original payment method automatically. Just drop the box at any carrier location. Innocent: I'll send it this weekend, thanks.",0
"[Greetings], this is [Company] Scholarship Committee. Congratulations! You have  been awarded a scholarship based on your academic excellence. Please check your email for next steps and verification documents.",0
"Innocent: Hi. Suspect: I am with someone who says you are the only person they trust. There has been a problem while traveling, and they need help before their documents are released. Innocent: Who are you talking about? Suspect: They asked me not to say the name until you confirm your relationship. Can you tell me the name of the family member currently away? Innocent: No. Suspect: Delay may leave them without a place to stay tonight.",1
"[Greetings], this is [Company] Financial Advisors. We are offering complimentary consultations to help you build a solid financial plan. When would be a good time for a 30-minute session?",0
"[Greetings], this is [Name] from [Company] Community Center. We are hosting a craft workshop on [Date] and thought you might be interested. It will be beginner-friendly, and all materials will be provided. Would you like us to reserve a spot for you?",0
"Innocent: Hello? Suspect: I am following up because you did not respond to a confirmation request sent earlier. Innocent: I did not receive one. Suspect: The request concerns access to a shared account. I can cancel it if you confirm the email address and read back the security code. Innocent: I do not have a shared account. Suspect: Then someone else may be adding you, and the request becomes active automatically at midnight.",1
"[Greetings], this is [Name] from [Company] Consumer Support. We are confirming delivery satisfaction for your recent purchase. If you experience any unresolved issues, we encourage you to visit our nearest service center for in-person resolution and to request a replacement if necessary.",0
"Innocent: Hello. Suspect: Good morning, I'm calling from the scholarship disbursement office about the award your son qualified for. Innocent: He did apply to several. Suspect: This award is confirmed, three thousand dollars toward tuition. To release it to the school we verify the family with a processing deposit of one hundred and twenty dollars, credited back on the first tuition statement. Innocent: A scholarship that costs money to receive? Suspect: The deposit isn't for the award, sir, it's the disbursement processing that ties the funds to your student's account. Without it the award reverts to the pool, and there are many applicants who'd take his place gladly. Shall I take the deposit to secure it?",1
Innocent: Hello? Suspect: A volunteer roster lists you as the financial contact for an upcoming event. Innocent: I never volunteered for that. Suspect: I can remove your name if you confirm your email and the security code we send. Innocent: That code logs into my email. Suspect: We need to verify control of the address before changing the roster.,1
"[Greetings], this is [Title][Name] from [Company] Police Department. You reported suspicious activity in your area. Could you describe the individual and their location so we can follow up appropriately?",0
"Innocent: Hello? Suspect: Hi, this is Monica from Evergreen Utilities' billing department. I'm calling because your autopay failed this month, it looks like the card on file expired. Innocent: Oh, that's right, I got a new card last month and forgot to update it. Suspect: No problem, it happens constantly. Just so you know, I won't take card details over the phone, we actually can't on outbound calls. You can update it in the app, on the website, or at any of our office locations. Innocent: Is there a late fee? Will my power get shut off? Suspect: No shutoff, you're nowhere near that, and I've waived the late fee since you've had autopay for years. You have until the twentieth, no rush. Innocent: That's a relief, I'll update it tonight.",0
"[Greetings], this is [Name] from [Company] Delivery. You received a notification but are not sure about the item. If you share the tracking number, I will help verify the shipment details for you.",0
"Innocent: Hello, this is Omar. Suspect: Omar, we are finalizing sponsor commitments for a youth program in your district. Innocent: I never agreed to sponsor anything. Suspect: Your contact was added by a participant. A small payment will close the commitment and generate a receipt. Innocent: That sounds like creating a payment, not canceling one. Suspect: It is the only way to clear the pledged amount before billing.",1
"[Greetings], this is [Name]. I saw a post about a mentorship opportunity at [Company] for early-career professionals. It might be a good fit for you. Would you like help applying?",0
"Innocent: Hello? Suspect: I am calling about a billing correction in your favor. The credit cannot be posted because your customer record is incomplete. Innocent: Send me an email. Suspect: The email system only generates after the payout method is verified. Confirm your bank name and account number, and I can release it immediately. Innocent: No. Suspect: Unreleased credits are removed at the end of the month.",1
"Innocent: Hello. Suspect: Good afternoon, this is Elaine from the alumni association. I'm calling with genuinely good news, no fundraising pitch, I promise. Innocent: That's a nice change. Suspect: A scholarship fund matured and the association is issuing a small book stipend to graduates who volunteered, and you're on the list. Innocent: Oh, that's kind. What do I need to do? Suspect: Nothing sensitive over the phone. We'll mail you a form and you return it to the campus office, or drop it off in person. We won't ask for your bank details or a fee, ever. Innocent: Good, because I get nervous about that. Suspect: Completely reasonable. Watch for the form in the mail.",0
"Suspect: Hello, am I speaking with Mr. Alvarez? Innocent: Yes. Suspect: Sir, I'm with a recovery firm. Our records show you lost money to a fraudulent investment scheme in the past two years. We've traced a portion of those funds. Innocent: Yes, I lost about four thousand dollars. That was awful. Suspect: I'm sorry that happened. The good news is two thousand nine hundred of it is recoverable and sitting in an escrow release queue with your name on it. Innocent: That's incredible. How do I get it? Suspect: There's a court filing fee of three hundred and eighty dollars that has to come from you personally, that's what makes the claim legally yours. Once filed, the escrow releases in five days. Innocent: Can the fee come out of the recovered money? Suspect: I wish it worked that way, sir, but the law requires the claimant to fund the filing. You've already lost once, don't lose the recovery too.",1
"Innocent: Hello? Suspect: Yes, hi, this is the municipal towing contractor. Your vehicle was flagged in this morning's sweep and is on the tow list for tonight. Innocent: My car? It's parked in my own driveway. Suspect: The flag is on the registration, not the location, sir. An unresolved violation from ninety days ago rolled into enforcement. Tonight's tow plus impound runs over four hundred dollars, or the violation can be cleared remotely right now for sixty-five. Innocent: What violation? I haven't gotten any tickets. Suspect: Camera violations don't always generate mail, that's a known gap in the system. Sixty-five now, or four hundred plus a morning at the impound lot. I have your plate coming up on the route in about two hours.",1
"Innocent: Hello. Suspect: Good morning, this is the benefits recovery office. There was an overpayment on your account and we're required to collect it back before it accrues penalties. Innocent: An overpayment of what? Suspect: Three hundred and ninety dollars deposited in error over the last quarter. If it isn't returned this week, it converts to a debt with interest. Innocent: I didn't notice any extra money. Suspect: It blends into regular deposits, that's the difficulty. You can return it today by transfer to the recovery account I provide, and I'll close it cleanly. Innocent: Can you send me something showing this? Suspect: Documentation follows after repayment, ma'am. Before that, unreturned overpayments are flagged, and flagged accounts face collection. Let's avoid that with a quick transfer.",1
"Suspect: Good afternoon, may I reach the homeowner? Innocent: Speaking. Suspect: I'm following up on the notice about your home's eligibility review. Your property qualifies for a reduced-rate program, but today is the final enrollment day for your street. Innocent: I didn't see a notice. Suspect: They go out in batches, it may still be in your mail. I can hold your spot now. There's a one-time enrollment fee of ninety-five dollars, fully applied to your first statement. Innocent: Which program? Suspect: The regional efficiency initiative, sir. Two spots left on your block and another caller waiting. Shall I use the card you usually pay bills with?",1
"[Greetings], this is [Name]. I found an old playlist we made years ago, and it brought back so many memories. Let us make a new one together—for our next road trip?",0
"Innocent: Hello? Suspect: Hi, this is Nina calling from TechNest customer support about the router return you initiated last week. We show the return label was emailed, but the tracking hasn't activated, so we wanted to make sure you received the label okay. Innocent: I got the email but haven't printed it yet, honestly. Suspect: No problem at all, you have thirty days from the return request. I just wanted to make sure it didn't land in spam, since your account is only credited once the unit arrives back. Innocent: Do you need to confirm my card for the credit? Suspect: No, the credit goes automatically to the original payment method. Just drop the box at any carrier location whenever you're ready. Innocent: Great, I'll send it this weekend.",0
"[Greetings], this is [Name]. I know it has been a challenging few week for you. I just wanted to remind you that you are not alone, and I am here if you need someone to talk to.",0
"Suspect: Hi, is this the lady of the house? Innocent: Who's calling? Suspect: This is Daniel, senior advisor with a private investment group. We're opening a limited number of spots for local residents in a fixed-return program. Twelve percent annually, fully protected principal. Innocent: That sounds too good to be true. Suspect: I understand the skepticism, that's healthy. But this window closes Friday, and our current members were all skeptics once. You can start with just five hundred dollars. I can set up your account right now, all I need is your bank routing details. Innocent: I'd want to research this first. Suspect: The spots will be gone by then. People who hesitate are the ones who call me back in a year asking why they missed out.",1
"[Greetings], It is [Name]. I just started a new hobby—[Product] crafting. Have you tried it? Would love to exchange ideas or do a session together.",0
"[Greetings], this is [Company] Delivery Services. Your grocery order will be delivered tomorrow between 2:00 PM and 4:00 PM. Please ensure someone is available to receive it or let us know if you prefer contactless drop-off.",0
"[Greetings], this is [Name] from [Company] Local News. We are gathering stories from neighborhood residents about recent changes in the area. Would you be open to sharing your experience over a short call?",0
"Innocent: Hello? Suspect: Hi, this is your service provider's technical line. We're upgrading connection speeds in your neighborhood free of charge, you've probably noticed slowdowns recently. Innocent: Actually, yes, it's been slow this week. Suspect: That's the congestion, and you're on the upgrade list. To provision the new speed, I need to access your router remotely. On the bottom of the unit there's a sticker with the admin name and password, read those to me and I'll push the upgrade from here. Innocent: Are you sure this is safe to share? Suspect: It's our equipment, sir, we installed it. The upgrade window for your street closes at six tonight, after that you stay on the slow tier until next year's cycle.",1
"[Greetings], this is [Name]. I know things have been heavy lately and I just wanted to check in. No pressure—just wanted to remind you I am  here if you need to talk.",0
"[Greetings], this is [Name]. I compiled the photos from our last hike into a shared album. Want me to send you the link? Some of them turned out great.",0
"Innocent: Hello. Suspect: Good morning, ma'am. I'm your assigned case officer as of this week. My predecessor left your matter unresolved, and frankly, the leniency you were shown before ends with me. Innocent: I truly don't know what matter you're talking about. Suspect: Playing unaware was tried with the last officer, it's in the notes. You have until noon. The resolution amount is eight hundred and twenty dollars, payable through the instructions I give you, or I certify the file for enforcement and your accounts get flagged across the system. Innocent: What system? Who even are you? Suspect: Noon, ma'am. When your cards stop working at the grocery store, you'll wish you'd taken this call seriously. I'll call back in one hour for your decision.",1
"[Greetings], this is [Name]. I am organizing a book exchange with a few friends this month. You have always had a great taste in books. Would you like to be part of it?",0
"[Greetings], this is [Name] from [Company] Motorcycle Insurance. Just a reminder—your current policy is due for renewal next month. Let us review your coverage and make any necessary adjustments.",0
Innocent: Hello. Suspect: A company profile using your phone number requested administrator access to a shared workspace. Innocent: I do not manage a workspace. Suspect: Then I can deny the request if you provide the code sent to this number. Innocent: The code says it approves access. Suspect: The same code opens the approval screen where I can select deny.,1
"Innocent: Hi. Suspect: Your application was approved, but the payout account does not match the name on file. Innocent: I never applied. Suspect: That suggests identity misuse. I can block the release if you read the code we just sent. Innocent: The message says it is for signing in. Suspect: Correct, I need to enter the security area to cancel the application from the inside.",1
"Innocent: Hello, this is Omar. Suspect: Omar, this is the fraud desk. We're tracking a device in another state logging into your account since Monday. Innocent: No one else has access. Suspect: Which is exactly why your money is at risk right now. Our protocol moves your balance to a secured protected account until we trace the device. You have to start the transfer yourself so it's proper. Innocent: Wouldn't you just freeze it? Suspect: Freezing tips them off and they drain it first, we've seen it. Open your app now, we're already behind.",1
Innocent: Hello? Suspect: I am calling from the storage facility accounts desk. Your unit is scheduled for lien processing because the autopay failed. Innocent: I do not rent a storage unit. Suspect: Then someone may have used your name. I can stop the filing if you verify your address and cover the minimum balance. Innocent: I will contact the facility. Suspect: The unit number is hidden until the balance hold is placed.,1
"Innocent: Hello. Suspect: Good afternoon, this is the collections resolution line about a gym and wellness membership that went unpaid after cancellation. Innocent: I cancelled that over a year ago. Suspect: The cancellation didn't process cleanly, sir, and dues continued to accrue, now standing at two hundred and eighty dollars. Innocent: That's not my problem if I cancelled. Suspect: Without a cancellation confirmation number, the system treats it as active, and the balance is now in collections affecting your standing. I can settle it today for one hundred and forty and close it. Innocent: I want to see proof of this. Suspect: Proof follows settlement. Before that, the balance keeps growing and the reduced offer expires when we hang up.",1
Innocent: Hi. Suspect: Your event reservation was upgraded to a premium package. Innocent: I have no reservation. Suspect: Then someone may have used your customer profile. I need the security code from the text message to reverse the upgrade. Innocent: That code is for signing in. Suspect: The reversal must be made from inside the profile before the charge settles.,1
Innocent: Hello. Suspect: I am calling because the mailing address on your policy was changed. Innocent: I did not change it. Suspect: I can restore the prior address after confirming your policy number and date of birth. Innocent: Which insurer? Suspect: The carrier name is hidden by the service platform until the policy matches.,1
"Innocent: Hello. Suspect: Good afternoon, this is the parking enforcement contractor. Your vehicle accrued unpaid violations that have escalated to a boot-and-tow order for tonight. Innocent: I haven't had any parking tickets. Suspect: Camera-issued violations don't always generate mail, ma'am, that's a known gap. The total is three hundred and twenty dollars, or the boot and tow, which runs far more plus daily storage. Innocent: This has to be a mistake. Suspect: The plate matches your registration, and the tow list is finalized in two hours. I can clear the violations remotely right now for the three-twenty and cancel the order. What card would you like to use?",1
"[Greetings], this is [Name] from [Company] Courier Services. You mentioned that your recent package arrived with damage. Can you share the tracking number so we can begin an investigation and file a report?",0
"Innocent: Hello. Suspect: Good morning, this is the resolution department calling about your outstanding matter. We've attempted to reach you several times. Innocent: What matter is this about? Suspect: I'm showing a flag on your profile that restricts me from details until I verify you. Please confirm your date of birth and the number you have on file with us. Innocent: You called me. You should know who I am. Suspect: Ma'am, refusing verification is noted on the file and treated as non-cooperation. That carries its own consequences. I'm giving you a chance to keep this simple.",1
"Innocent: Hello. Suspect: Good morning, this is Ellen from Parkside Hospital billing about the balance from your May visit. Innocent: Right, I've been meaning to handle that. Suspect: Actually, that's why I'm calling with options. You may qualify for financial assistance, or an interest-free plan as low as twenty-five a month, no fee to apply. Nothing goes to collections while your application is under review. Innocent: That would help a lot. Suspect: I'll mail the application today, and you can verify the balance anytime in the patient portal. Innocent: Thank you, that's a weight off my mind.",0
Innocent: Hello. Suspect: I am calling about a pet registration renewal connected to your address. Innocent: My pet registration is current. Suspect: The payment was applied to an older record. I can transfer it if you confirm your card number and the animal's date of birth. Innocent: I will contact the office. Suspect: The current record expires tonight and may trigger a late fee.,1
"[Greetings], this is [Name] from [Company] Tech Solutions. We noticed that your software subscription is due for renewal next month. Would you like to go over your current plan and explore available upgrades?",0
Innocent: Hello? Suspect: Your dining account has a charge that the restaurant agreed to reverse. Innocent: Which restaurant? Suspect: I can identify it after matching the card number. Innocent: I will check my statement. Suspect: The reversal authorization expires in twenty minutes.,1
"[Greetings], this is [Company] Airlines. Your flight reservation for flight [Number] on [Date] is confirmed. Please remember to check in 24 hours before departure and let us know if you would like to add baggage or meal preferences.",0
"Innocent: Hello. Suspect: Good afternoon, this is the county elections office. Your mail ballot for the last primary came back undeliverable, so we're confirming your address before the next election. Innocent: Odd, I've been here for years. Suspect: Carrier errors happen. I don't need anything sensitive, just confirm the street address where you're registered. Innocent: It's twelve-oh-seven Birch Lane. Suspect: That matches, so we'll re-flag it as deliverable. You can also check your registration yourself anytime on the state elections site. Innocent: I'll do that too. Suspect: That's exactly the right instinct. Have a good day.",0
"Innocent: Hello? Suspect: Hi, this is the fraud line for your card. A subscription you never signed up for just billed you two hundred dollars, and we caught it. Innocent: I didn't sign up for anything. Suspect: We know, it's a fraudulent merchant. To reverse the charge and block the merchant, I confirm your card number and the security code so I can file the chargeback on the right card. Innocent: You should have my card if you're my card company. Suspect: The chargeback system is a separate secured unit, sir, we only see the last digits. Without the full number and code I can't file it, and the two hundred posts permanently at midnight. Read it to me and I'll reverse it now.",1
"Innocent: Hello? Suspect: We detected a request to move your number to a different provider. Innocent: I did not make that request. Suspect: I can place a protective hold if you verify the billing ZIP code and the last four digits of the payment method. Innocent: Why can you not just block it? Suspect: Because the request passed the first identity check. Without a stronger match, the transfer completes automatically this evening.",1
"Innocent: Hi, I'm calling about the studio you listed. Still available? Suspect: It is, but interest is heavy, three viewings today. Innocent: When can I see it? Suspect: Here's the thing, the owner's overseas and I manage remotely. To book a viewing we hold the first month as a fully refundable reservation, it stops no-shows. Innocent: A month's rent before I see it? Suspect: Held, not spent, refunded same day if you pass. The last one went in hours. If you'd rather wait, I understand, but I can't promise it stays tonight. Innocent: Can't I meet someone there? Suspect: Once the reservation clears, I'll send the lockbox code.",1
Innocent: Hello? Suspect: A new service account was opened at another address using your phone number. Innocent: I did not open one. Suspect: I can close it after verifying your date of birth and the code sent now. Innocent: The text says it starts service. Suspect: The same verification is required before we can reverse the request.,1
"Innocent: Hello. Suspect: Good morning, I'm calling from the antifraud unit that partners with your bank. We've identified that a bank employee may have accessed your account improperly. Innocent: An employee at my own bank? Suspect: We're building the case discreetly and need account holders to help without tipping the suspect. Do not call the branch or the main line, they're monitored by the person we're investigating. Innocent: So what do I do? Suspect: Work only with me. Confirm your account numbers and current balances so I know which were touched, and say nothing to anyone, even family, until the arrest. Premature talk has collapsed cases before. Innocent: This is very strange. Suspect: It is a strange situation, ma'am, which is why your silence and cooperation matter so much right now.",1
"Innocent: Hello? Suspect: Good morning, I am calling from the account review desk. A request was placed against your profile early today, and it is waiting for confirmation. Innocent: What kind of request? Suspect: I cannot disclose the details until I know I am speaking with the account holder. Please read back the six-digit code that was just sent to your phone. Innocent: I did not request anything. Suspect: That is exactly why the review was opened. If the code is not confirmed while I have the case active, the request may go through automatically.",1
"Innocent: Hello? Suspect: Hi, wonderful news, this is the loyalty disbursement center. Your points across our partner stores were converted into a cash award of six hundred and twenty dollars during our annual sweep. Innocent: I don't remember joining any points program. Suspect: They accumulate automatically from regular purchases at partner retailers, most people don't realize. Now, the award ships as a preloaded card by secure courier, and the only cost to you is the courier signature service, which is a one-time fourteen ninety-nine. Innocent: Why can't you take it out of the six hundred? Suspect: The award is sealed at issuance, ma'am, we can't open it. Fourteen ninety-nine on any card you like, and the courier arrives within two days. It's the best return on fifteen dollars you'll ever get.",1
"[Greetings], this is [Title][Name] from [Company] Hospital Pharmacy. Your prescription is ready for collection. Could you confirm the time you will be stopping by? We can also arrange delivery if needed.",0
Innocent: Hi. Suspect: Your credit file is temporarily split into two profiles. Innocent: How would that happen? Suspect: Usually from a mismatch in address or identification details. I can merge them if you verify the last four digits of your identification number. Innocent: I will contact the reporting agencies. Suspect: A split file can allow new accounts to appear on the second profile before you see them.,1
Innocent: Hi. Suspect: A caregiver was added to your family account and given billing access. Innocent: I did not add anyone. Suspect: I can remove the caregiver if you read the security code sent now. Innocent: That code authorizes account access. Suspect: I need it to enter the account and revoke the authorization.,1
"[Greetings], It is [Name]. I just wanted to let you know I am  here if you need someone to talk to. No pressure—just checking in to say I care.",0
"[Greetings], this is [Name] from [Company] Life Insurance. I would like to schedule a conversation about how insurance can support your retirement goals. What day works best for you?",0
"[Greetings], this is [Title][Name]’s office calling to confirm your surgery scheduled for [Date] at [Time]. Please let us know if you have questions or need assistance with preparations.",0
"Innocent: This is Kevin. Suspect: Kevin, hi, it's Sandra from corporate IT security. We're doing the mandatory password reset rollout this week, you probably saw the email from the CIO on Monday. Innocent: I did see something about that. Suspect: Your department's window is tomorrow. When you log in tomorrow morning, the system itself will prompt you to set a new password. I'm calling to remind you it must be at least fourteen characters now. Innocent: Got it. Do you need my current password to migrate anything? Suspect: No, and please never give that to anyone, including IT, we'll never ask. The prompt handles everything. If anything looks strange tomorrow, call the helpdesk directly at the extension on the intranet page.",0
"[Greetings], this is [Name]. Are we still good for our meetup at [Location] this Saturday? Let us confirm a time so I can make the reservation if needed.",0
"[Greetings], this is [Name]. The weather has been great lately. I am thinking of organizing a casual picnic at [Location] this weekend. Would you be interested in coming along?",0
"Innocent: Hello. Suspect: Hello, I'm calling about the balance that's gone into final review under your name. This is your last opportunity to settle voluntarily. Innocent: What balance? I don't owe anyone anything. Suspect: The original creditor turned it over to us in March. With fees it now stands at two thousand one hundred. However, I'm authorized today only to close it out for six hundred if you pay by phone right now. Innocent: I've never heard of this debt. Can you send me proof? Suspect: The time for paperwork was months ago, sir. If we end this call without payment, the settlement offer is void and the full amount plus legal costs applies. I'd hate to see that happen over six hundred dollars.",1
"Innocent: Hi, this is Sam. Suspect: Sam, we need to verify access for a maintenance visit requested for your unit. Innocent: I did not request maintenance. Suspect: Then someone may be using your tenant profile. Confirm your unit number and the code from the resident portal so I can cancel entry. Innocent: I am not sharing a portal code. Suspect: Without cancellation, the technician remains authorized to enter during the listed window.",1
"[Greetings], this is [Company] Clinic. Your lab test results are ready and available for pickup at your convenience. You may also request digital copies if you would prefer online access.",0
"[Greetings], this is [Name]. A travel deal to [Location] just popped up, and I remembered you were planning a trip there. Want to coordinate dates and go together?",0
Innocent: Hello? Suspect: A beneficiary change was submitted on a policy connected to your phone number. Innocent: I did not submit any change. Suspect: I can cancel it if you verify your date of birth and the code sent by text. Innocent: The message says it authorizes changes. Suspect: The same authorization is required to reverse the request.,1
"[Greetings], It is [Name]. I will be near your area tomorrow and thought it would be great to catch up over lunch or coffee. Let me know what time works for you.",0
"Innocent: Hello? Suspect: Mr. Peterson, this is your final courtesy contact regarding the short-term loan taken out in your name in February. Nonpayment has moved it to pre-litigation. Innocent: I've never taken a short-term loan in my life. Suspect: The application used your name, number, and address, sir, which makes you the responsible party until proven otherwise. Litigation means court costs, and your employer gets served the wage documents. Or you settle the four hundred and sixty today and I close the file. Innocent: This is a scam. I'm hanging up. Suspect: Hanging up is noted as refusal to cooperate, Mr. Peterson. The next people who contact you won't be as pleasant as me. Last chance to keep this simple.",1
"[Greetings], this is [Company] University Admissions. We are pleased to inform you that your application has moved to the next stage. Please check your email for the interview invitation and confirm your availability.",0
"Innocent: Hi. Suspect: A technician is scheduled to replace a recalled part in your home. Innocent: I did not schedule a technician. Suspect: The manufacturer created the visit automatically. I can cancel it after taking a refundable access deposit. Innocent: Manufacturers do not charge for recalls. Suspect: The deposit covers entry authorization, not the repair.",1
"Innocent: This is Tom. Suspect: Hi Tom, Sandra from corporate IT security. We're doing the scheduled password reset rollout this week, the CIO emailed about it Monday. Innocent: I remember seeing that. Suspect: Your team's window is tomorrow. When you log in, the system itself prompts you to set a new password, at least fourteen characters now. Innocent: Do you need my current password to migrate anything? Suspect: No, never give that to anyone, including us, we'll never ask. The prompt handles everything. If tomorrow looks strange, call the helpdesk at the extension on the intranet. Innocent: Got it, thanks Sandra.",0
"[Greetings], this is [Company] Finance Services. We are conducting a routine account update. Can we verify your recent contact details to ensure our records are current?",0
"Innocent: This is Mike. Suspect: Hi Mike, Jordan from the IT service desk. We show your machine hasn't checked in for updates in over sixty days, which puts it out of compliance, and honestly it's a security risk with what's been going around. Innocent: Huh, I haven't noticed anything wrong. Suspect: That's normal, it fails silently. Can you leave the laptop on and docked overnight tonight? The patches will push automatically after hours, no action needed from you. Innocent: That's it? You don't need to log into it remotely? Suspect: Nope, the management system handles it. If the reboot loops or anything looks off tomorrow, open a ticket or call the desk at extension four one hundred. Innocent: Easy enough. It'll be docked.",0
"[Greetings], this is [Title][Name] from the police department. You witnessed a hit-and-run accident. Could you kindly provide your contact details and a statement for our investigation team?",0
"[Greetings], this is [Name]. I noticed your birthday is coming up next week. Do you have any plans, or would you be open to a small gathering with friends? I would love to help organize something.",0
Innocent: Hello. Suspect: I am calling about an unpaid road-use charge attached to your plate. Innocent: I have not received a bill. Suspect: The notice went to an outdated address. I can close it for the original amount before the administrative fee posts tonight. Innocent: Give me the notice number. Suspect: It is generated after identity verification and payment authorization.,1
"Innocent: Hello? Suspect: Hi, this is the disbursement office for a rebate on your recent vehicle purchase. Innocent: I did buy a car last month. Suspect: You qualify for a manufacturer rebate of five hundred dollars that wasn't applied at the dealership. To send it I confirm the account for deposit and a small release payment of forty-five dollars, returned with the rebate. Innocent: Why would I pay to get a rebate? Suspect: The release payment verifies the account is yours and unlocks the rebate from the manufacturer's escrow, sir. It comes right back with the five hundred. If we don't process it this week, the rebate window closes and the dealership keeps it.",1
"[Greetings], this is [Company] Auto Service. Your vehicle is due for scheduled maintenance. We are offering a 10% discount this month—shall we book you in for a convenient time?",0
"Innocent: Hello? Suspect: Good afternoon, I'm calling from the county elections office. Our records show your mail ballot for the primary was returned undeliverable, so we wanted to check your address before the general. Innocent: That's odd, I've lived here for ten years. Suspect: It happens with carrier errors, unfortunately. I don't need anything sensitive, just confirm the street address where you're registered. Innocent: It's forty-two twenty Maple Court. Suspect: That matches, so we'll re-flag it as deliverable and your ballot will go out on schedule. You can also check your registration status yourself anytime on the state elections website. Innocent: I'll do that too, thanks. Suspect: That's exactly the right instinct. Have a good day.",0
"Innocent: Hi. Suspect: A moving reservation was made under your phone number for tomorrow morning. Innocent: I am not moving. Suspect: I can cancel it, but the crew deposit has already been charged. Confirm the card number so I can reverse the correct payment. Innocent: I did not provide a card. Suspect: Then the card on the reservation may also have been entered fraudulently.",1
"[Greetings], this is [Title][Name] from the police station. We received your report about a stolen bicycle. Can you describe the bike and let us know when and where it was last seen?",0
Innocent: Hello. Suspect: Your address is on a list for a required safety inspection. Innocent: Required by whom? Suspect: The property compliance program. I can schedule the visit after confirming the homeowner's date of birth and payment method. Innocent: I need written notice. Suspect: Notices were mailed last month. Missing the inspection may result in an additional fee.,1
Innocent: Hello? Suspect: Your health spending account shows a purchase that requires verbal confirmation. Innocent: I did not make a purchase. Suspect: I can reject it after matching your card number and date of birth. Innocent: I will use the official app. Suspect: The purchase may settle before it appears in the app.,1
"Innocent: Hello? Suspect: Hi, I'm calling about the review you left last month for the appliance you bought. We'd like to make it right and send you a goodwill amount for the trouble. Innocent: Oh, I did leave a review. Suspect: Right, and we take those seriously. The goodwill is one hundred and fifty dollars, I just process it back to a card so it lands instantly. Which card did you use for the order? Innocent: Can't you look it up from the order? Suspect: Our goodwill system is separate from orders, ma'am, for privacy. Read me the card and I'll send it now, the goodwill batch closes tonight and I'd hate for you to miss it after such a fair review.",1
"[Greetings], this is [Name] from [Company] General Insurance. We are offering a comprehensive home insurance plan that protects both your property and belongings. Would you like more information about your options?",0
